"user_id","step_number"
1000001,1
1000001,2
1000001,3
1000001,4
1000006,1
1000006,2
1000006,3
1000006,4
1000006,5
1000006,6
1000006,7
1000007,1
1000008,1
1000008,2
1000008,3
1000008,4
1000008,5
1000008,6
1000008,7
1000009,1
1000009,2
1000011,1
1000011,2
1000012,1
1000012,2
1000012,3
1000012,4
1000014,1
1000014,2
1000014,3
1000014,4
1000014,5
1000014,6
1000014,7
1000016,1
1000016,2
1000016,3
1000016,4
1000016,5
1000019,1
1000019,2
1000019,3
1000021,1
1000021,2
1000021,3
1000021,4
1000022,1
1000022,2
1000022,3
1000022,4
1000022,5
1000022,6
1000022,7
1000023,1
1000023,2
1000023,3
1000023,4
1000023,5
1000023,6
1000023,7
1000027,1
1000027,2
1000027,3
1000027,4
1000027,5
1000027,6
1000027,7
1000028,1
1000028,2
1000028,3
1000028,4
1000028,5
1000028,6
1000028,7
1000030,1
1000030,2
1000030,3
1000030,4
1000030,5
1000030,6
1000030,7
1000031,1
1000031,2
1000031,3
1000031,4
1000031,5
1000032,1
1000032,2
1000032,3
1000032,4
1000032,5
1000033,1
1000033,2
1000033,3
1000033,4
1000033,5
1000033,6
1000033,7
1000035,1
1000035,2
1000037,1
1000037,2
1000038,1
1000038,2
1000038,3
1000038,4
1000038,5
1000038,6
1000038,7
1000042,1
1000042,2
1000042,3
1000042,4
1000042,5
1000042,6
1000042,7
1000044,1
1000044,2
1000044,3
1000044,4
1000044,5
1000044,6
1000044,7
1000045,1
1000045,2
1000046,1
1000046,2
1000046,3
1000046,4
1000048,1
1000048,2
1000048,3
1000048,4
1000056,1
1000056,2
1000056,3
1000056,4
1000061,1
1000061,2
1000061,3
1000061,4
1000061,5
1000061,6
1000061,7
1000062,1
1000062,2
1000062,3
1000062,4
1000062,5
1000062,6
1000062,7
1000063,1
1000063,2
1000063,3
1000063,4
1000063,5
1000063,6
1000063,7
1000064,1
1000064,2
1000064,3
1000064,4
1000064,5
1000064,6
1000064,7
1000070,1
1000070,2
1000070,3
1000070,4
1000070,5
1000070,6
1000070,7
1000071,1
1000071,2
1000071,3
1000071,4
1000074,1
1000074,2
1000075,1
1000075,2
1000075,3
1000075,4
1000075,5
1000075,6
1000075,7
1000076,1
1000076,2
1000076,3
1000076,4
1000076,5
1000076,6
1000076,7
1000078,1
1000078,2
1000078,3
1000078,4
1000078,5
1000079,1
1000079,2
1000079,3
1000079,4
1000079,5
1000079,6
1000079,7
1000080,1
1000080,2
1000080,3
1000080,4
1000080,5
1000080,6
1000080,7
1000081,1
1000081,2
1000082,1
1000083,1
1000083,2
1000083,3
1000083,4
1000083,5
1000083,6
1000083,7
1000084,1
1000084,2
1000085,1
1000085,2
1000085,3
1000085,4
1000085,5
1000085,6
1000085,7
1000086,1
1000086,2
1000086,3
1000086,4
1000086,5
1000086,6
1000086,7
1000087,1
1000094,1
1000094,2
1000094,3
1000094,4
1000094,5
1000094,6
1000094,7
1000098,1
1000098,2
1000098,3
1000098,4
1000099,1
1000099,2
1000105,1
1000105,2
1000105,3
1000105,4
1000108,1
1000108,2
1000108,3
1000108,4
1000108,5
1000108,6
1000108,7
1000109,1
1000109,2
1000109,3
1000109,4
1000110,1
1000112,1
1000112,2
1000112,3
1000112,4
1000112,5
1000112,6
1000112,7
1000113,1
1000113,2
1000113,3
1000113,4
1000113,5
1000113,6
1000115,1
1000115,2
1000115,3
1000115,4
1000115,5
1000115,6
1000115,7
1000118,1
1000118,2
1000120,1
1000120,2
1000120,3
1000120,4
1000129,1
1000129,2
1000129,3
1000129,4
1000129,5
1000129,6
1000129,7
1000130,1
1000130,2
1000130,3
1000130,4
1000130,5
1000130,6
1000130,7
1000134,1
1000134,2
1000134,3
1000134,4
1000134,5
1000134,6
1000134,7
1000135,1
1000135,2
1000135,3
1000135,4
1000135,5
1000135,6
1000136,1
1000136,2
1000136,3
1000138,1
1000138,2
1000138,3
1000138,4
1000138,5
1000138,6
1000138,7
1000144,1
1000144,2
1000144,3
1000144,4
1000144,5
1000144,6
1000144,7
1000146,1
1000146,2
1000146,3
1000154,1
1000154,2
1000154,3
1000154,4
1000156,1
1000156,2
1000157,1
1000157,2
1000157,3
1000157,4
1000157,5
1000158,1
1000158,2
1000158,3
1000158,4
1000158,5
1000158,6
1000158,7
1000160,1
1000160,2
1000160,3
1000160,4
1000160,5
1000160,6
1000160,7
1000161,1
1000161,2
1000161,3
1000161,4
1000161,5
1000161,6
1000161,7
1000166,1
1000166,2
1000167,1
1000167,2
1000167,3
1000167,4
1000167,5
1000167,6
1000167,7
1000173,1
1000173,2
1000173,3
1000175,1
1000175,2
1000175,3
1000177,1
1000177,2
1000177,3
1000177,4
1000177,5
1000177,6
1000178,1
1000178,2
1000178,3
1000178,4
1000178,5
1000178,6
1000178,7
1000179,1
1000179,2
1000179,3
1000179,4
1000179,5
1000179,6
1000179,7
1000180,1
1000181,1
1000181,2
1000181,3
1000181,4
1000181,5
1000181,6
1000181,7
1000183,1
1000187,1
1000187,2
1000187,3
1000187,4
1000188,1
1000188,2
1000188,3
1000188,4
1000188,5
1000188,6
1000188,7
1000190,1
1000190,2
1000190,3
1000190,4
1000190,5
1000190,6
1000190,7
1000201,1
1000201,2
1000201,3
1000201,4
1000201,5
1000201,6
1000201,7
1000203,1
1000203,2
1000203,3
1000203,4
1000203,5
1000203,6
1000203,7
1000204,1
1000204,2
1000204,3
1000204,4
1000204,5
1000204,6
1000204,7
1000205,1
1000206,1
1000206,2
1000206,3
1000206,4
1000208,1
1000208,2
1000208,3
1000208,4
1000208,5
1000208,6
1000208,7
1000210,1
1000210,2
1000212,1
1000212,2
1000212,3
1000213,1
1000213,2
1000215,1
1000215,2
1000215,3
1000215,4
1000215,5
1000215,6
1000215,7
1000216,1
1000216,2
1000218,1
1000218,2
1000218,3
1000218,4
1000218,5
1000218,6
1000218,7
1000221,1
1000221,2
1000221,3
1000221,4
1000222,1
1000222,2
1000222,3
1000223,1
1000223,2
1000223,3
1000223,4
1000223,5
1000223,6
1000223,7
1000228,1
1000228,2
1000229,1
1000229,2
1000229,3
1000229,4
1000230,1
1000230,2
1000230,3
1000230,4
1000230,5
1000230,6
1000230,7
1000233,1
1000233,2
1000233,3
1000233,4
1000233,5
1000233,6
1000233,7
1000236,1
1000236,2
1000236,3
1000236,4
1000236,5
1000237,1
1000237,2
1000237,3
1000237,4
1000237,5
1000237,6
1000237,7
1000240,1
1000240,2
1000240,3
1000240,4
1000240,5
1000243,1
1000243,2
1000243,3
1000244,1
1000244,2
1000244,3
1000244,4
1000244,5
1000244,6
1000244,7
1000245,1
1000245,2
1000245,3
1000245,4
1000245,5
1000245,6
1000245,7
1000246,1
1000246,2
1000246,3
1000246,4
1000246,5
1000246,6
1000255,1
1000255,2
1000255,3
1000255,4
1000255,5
1000255,6
1000255,7
1000256,1
1000256,2
1000256,3
1000256,4
1000256,5
1000256,6
1000256,7
1000257,1
1000257,2
1000260,1
1000260,2
1000260,3
1000260,4
1000260,5
1000260,6
1000260,7
1000261,1
1000261,2
1000261,3
1000261,4
1000261,5
1000261,6
1000261,7
1000262,1
1000262,2
1000262,3
1000262,4
1000262,5
1000262,6
1000262,7
1000263,1
1000263,2
1000263,3
1000263,4
1000263,5
1000263,6
1000263,7
1000268,1
1000268,2
1000268,3
1000268,4
1000268,5
1000268,6
1000269,1
1000269,2
1000272,1
1000272,2
1000272,3
1000272,4
1000272,5
1000274,1
1000274,2
1000274,3
1000285,1
1000285,2
1000285,3
1000285,4
1000285,5
1000285,6
1000287,1
1000287,2
1000287,3
1000287,4
1000288,1
1000288,2
1000288,3
1000288,4
1000288,5
1000288,6
1000288,7
1000290,1
1000290,2
1000290,3
1000290,4
1000290,5
1000290,6
1000290,7
1000292,1
1000292,2
1000292,3
1000292,4
1000292,5
1000292,6
1000292,7
1000293,1
1000293,2
1000293,3
1000293,4
1000293,5
1000293,6
1000295,1
1000295,2
1000295,3
1000295,4
1000295,5
1000295,6
1000296,1
1000296,2
1000296,3
1000297,1
1000297,2
1000299,1
1000299,2
1000299,3
1000299,4
1000299,5
1000299,6
1000299,7
1000301,1
1000301,2
1000303,1
1000303,2
1000303,3
1000303,4
1000303,5
1000303,6
1000303,7
1000306,1
1000306,2
1000306,3
1000309,1
1000309,2
1000309,3
1000309,4
1000311,1
1000311,2
1000311,3
1000311,4
1000311,5
1000311,6
1000311,7
1000312,1
1000312,2
1000312,3
1000312,4
1000314,1
1000314,2
1000314,3
1000314,4
1000315,1
1000315,2
1000315,3
1000317,1
1000317,2
1000317,3
1000317,4
1000317,5
1000317,6
1000317,7
1000320,1
1000321,1
1000321,2
1000321,3
1000321,4
1000321,5
1000321,6
1000321,7
1000322,1
1000327,1
1000327,2
1000327,3
1000327,4
1000327,5
1000327,6
1000327,7
1000330,1
1000330,2
1000331,1
1000336,1
1000336,2
1000336,3
1000336,4
1000336,5
1000336,6
1000336,7
1000338,1
1000338,2
1000339,1
1000339,2
1000339,3
1000339,4
1000339,5
1000339,6
1000339,7
1000340,1
1000340,2
1000340,3
1000340,4
1000341,1
1000341,2
1000342,1
1000342,2
1000345,1
1000346,1
1000346,2
1000346,3
1000347,1
1000347,2
1000347,3
1000347,4
1000347,5
1000348,1
1000348,2
1000348,3
1000348,4
1000348,5
1000348,6
1000348,7
1000350,1
1000350,2
1000351,1
1000351,2
1000351,3
1000351,4
1000352,1
1000352,2
1000352,3
1000352,4
1000354,1
1000354,2
1000354,3
1000354,4
1000354,5
1000354,6
1000354,7
1000357,1
1000357,2
1000357,3
1000357,4
1000357,5
1000357,6
1000358,1
1000358,2
1000358,3
1000358,4
1000358,5
1000358,6
1000358,7
1000360,1
1000360,2
1000360,3
1000360,4
1000360,5
1000360,6
1000360,7
1000362,1
1000367,1
1000367,2
1000367,3
1000367,4
1000367,5
1000367,6
1000367,7
1000371,1
1000371,2
1000374,1
1000375,1
1000375,2
1000375,3
1000375,4
1000375,5
1000375,6
1000375,7
1000377,1
1000377,2
1000377,3
1000377,4
1000377,5
1000377,6
1000377,7
1000378,1
1000378,2
1000378,3
1000378,4
1000378,5
1000378,6
1000383,1
1000383,2
1000383,3
1000383,4
1000383,5
1000386,1
1000386,2
1000386,3
1000386,4
1000386,5
1000386,6
1000386,7
1000388,1
1000388,2
1000389,1
1000389,2
1000389,3
1000389,4
1000389,5
1000389,6
1000389,7
1000390,1
1000390,2
1000390,3
1000390,4
1000390,5
1000390,6
1000390,7
1000395,1
1000395,2
1000396,1
1000397,1
1000399,1
1000399,2
1000399,3
1000399,4
1000399,5
1000399,6
1000399,7
1000400,1
1000400,2
1000400,3
1000400,4
1000400,5
1000400,6
1000402,1
1000402,2
1000402,3
1000402,4
1000402,5
1000402,6
1000402,7
1000405,1
1000405,2
1000405,3
1000405,4
1000405,5
1000406,1
1000406,2
1000407,1
1000407,2
1000408,1
1000408,2
1000408,3
1000408,4
1000408,5
1000408,6
1000408,7
1000409,1
1000409,2
1000409,3
1000409,4
1000410,1
1000410,2
1000410,3
1000410,4
1000410,5
1000410,6
1000410,7
1000411,1
1000411,2
1000411,3
1000411,4
1000411,5
1000411,6
1000411,7
1000414,1
1000414,2
1000414,3
1000414,4
1000414,5
1000414,6
1000414,7
1000415,1
1000415,2
1000415,3
1000415,4
1000415,5
1000415,6
1000415,7
1000421,1
1000421,2
1000421,3
1000426,1
1000426,2
1000426,3
1000426,4
1000426,5
1000426,6
1000426,7
1000428,1
1000428,2
1000428,3
1000428,4
1000428,5
1000428,6
1000428,7
1000432,1
1000432,2
1000432,3
1000432,4
1000432,5
1000432,6
1000432,7
1000433,1
1000433,2
1000433,3
1000433,4
1000433,5
1000433,6
1000433,7
1000435,1
1000435,2
1000435,3
1000436,1
1000436,2
1000436,3
1000436,4
1000436,5
1000436,6
1000436,7
1000437,1
1000437,2
1000437,3
1000437,4
1000437,5
1000437,6
1000437,7
1000440,1
1000440,2
1000440,3
1000440,4
1000440,5
1000440,6
1000440,7
1000441,1
1000442,1
1000442,2
1000442,3
1000442,4
1000444,1
1000444,2
1000444,3
1000444,4
1000444,5
1000444,6
1000444,7
1000449,1
1000449,2
1000449,3
1000449,4
1000449,5
1000449,6
1000449,7
1000450,1
1000450,2
1000450,3
1000451,1
1000451,2
1000451,3
1000451,4
1000451,5
1000451,6
1000451,7
1000452,1
1000455,1
1000455,2
1000455,3
1000455,4
1000455,5
1000455,6
1000455,7
1000458,1
1000458,2
1000458,3
1000458,4
1000460,1
1000460,2
1000460,3
1000460,4
1000460,5
1000460,6
1000460,7
1000462,1
1000462,2
1000462,3
1000462,4
1000462,5
1000462,6
1000462,7
1000464,1
1000464,2
1000464,3
1000464,4
1000464,5
1000464,6
1000464,7
1000468,1
1000468,2
1000468,3
1000468,4
1000468,5
1000468,6
1000468,7
1000469,1
1000469,2
1000469,3
1000469,4
1000469,5
1000469,6
1000469,7
1000473,1
1000473,2
1000473,3
1000473,4
1000476,1
1000476,2
1000478,1
1000478,2
1000478,3
1000479,1
1000479,2
1000479,3
1000479,4
1000479,5
1000479,6
1000479,7
1000480,1
1000480,2
1000480,3
1000480,4
1000480,5
1000480,6
1000480,7
1000483,1
1000483,2
1000483,3
1000483,4
1000483,5
1000483,6
1000483,7
1000487,1
1000487,2
1000487,3
1000487,4
1000487,5
1000488,1
1000488,2
1000488,3
1000489,1
1000489,2
1000489,3
1000490,1
1000490,2
1000491,1
1000491,2
1000491,3
1000491,4
1000491,5
1000491,6
1000491,7
1000498,1
1000498,2
1000498,3
1000498,4
1000498,5
1000498,6
1000498,7
1000499,1
1000499,2
1000499,3
1000499,4
1000499,5
1000499,6
1000499,7
1000501,1
1000501,2
1000501,3
1000501,4
1000504,1
1000504,2
1000506,1
1000507,1
1000507,2
1000509,1
1000509,2
1000509,3
1000515,1
1000515,2
1000515,3
1000515,4
1000515,5
1000515,6
1000515,7
1000517,1
1000517,2
1000517,3
1000517,4
1000517,5
1000520,1
1000520,2
1000520,3
1000521,1
1000521,2
1000521,3
1000521,4
1000521,5
1000521,6
1000521,7
1000527,1
1000527,2
1000527,3
1000528,1
1000528,2
1000528,3
1000528,4
1000528,5
1000528,6
1000528,7
1000538,1
1000538,2
1000538,3
1000538,4
1000538,5
1000540,1
1000540,2
1000540,3
1000542,1
1000542,2
1000542,3
1000542,4
1000542,5
1000542,6
1000542,7
1000546,1
1000546,2
1000548,1
1000548,2
1000548,3
1000548,4
1000548,5
1000548,6
1000548,7
1000551,1
1000551,2
1000551,3
1000551,4
1000554,1
1000554,2
1000554,3
1000554,4
1000556,1
1000556,2
1000556,3
1000556,4
1000556,5
1000557,1
1000557,2
1000557,3
1000557,4
1000557,5
1000557,6
1000557,7
1000558,1
1000558,2
1000558,3
1000558,4
1000558,5
1000558,6
1000558,7
1000562,1
1000562,2
1000562,3
1000562,4
1000562,5
1000562,6
1000562,7
1000563,1
1000563,2
1000563,3
1000563,4
1000563,5
1000564,1
1000564,2
1000564,3
1000564,4
1000564,5
1000564,6
1000575,1
1000575,2
1000575,3
1000575,4
1000575,5
1000575,6
1000575,7
1000576,1
1000577,1
1000577,2
1000577,3
1000577,4
1000577,5
1000577,6
1000577,7
1000578,1
1000579,1
1000581,1
1000581,2
1000582,1
1000582,2
1000584,1
1000584,2
1000584,3
1000585,1
1000585,2
1000585,3
1000585,4
1000585,5
1000585,6
1000585,7
1000587,1
1000587,2
1000587,3
1000589,1
1000589,2
1000589,3
1000594,1
1000594,2
1000594,3
1000594,4
1000594,5
1000595,1
1000595,2
1000595,3
1000595,4
1000595,5
1000595,6
1000595,7
1000596,1
1000596,2
1000596,3
1000596,4
1000600,1
1000600,2
1000601,1
1000601,2
1000601,3
1000601,4
1000601,5
1000601,6
1000601,7
1000602,1
1000603,1
1000603,2
1000603,3
1000603,4
1000603,5
1000603,6
1000604,1
1000604,2
1000604,3
1000608,1
1000608,2
1000608,3
1000608,4
1000611,1
1000611,2
1000611,3
1000611,4
1000611,5
1000616,1
1000616,2
1000617,1
1000617,2
1000617,3
1000619,1
1000619,2
1000619,3
1000619,4
1000619,5
1000619,6
1000620,1
1000620,2
1000620,3
1000620,4
1000622,1
1000622,2
1000622,3
1000622,4
1000622,5
1000622,6
1000622,7
1000623,1
1000623,2
1000623,3
1000623,4
1000623,5
1000623,6
1000623,7
1000624,1
1000624,2
1000626,1
1000626,2
1000626,3
1000626,4
1000626,5
1000626,6
1000626,7
1000627,1
1000627,2
1000627,3
1000627,4
1000627,5
1000627,6
1000627,7
1000629,1
1000629,2
1000629,3
1000629,4
1000629,5
1000629,6
1000629,7
1000632,1
1000633,1
1000635,1
1000635,2
1000635,3
1000635,4
1000635,5
1000635,6
1000635,7
1000636,1
1000636,2
1000636,3
1000637,1
1000637,2
1000637,3
1000637,4
1000637,5
1000637,6
1000637,7
1000638,1
1000638,2
1000638,3
1000638,4
1000638,5
1000638,6
1000638,7
1000643,1
1000643,2
1000644,1
1000644,2
1000644,3
1000644,4
1000644,5
1000644,6
1000644,7
1000648,1
1000648,2
1000648,3
1000648,4
1000648,5
1000648,6
1000648,7
1000650,1
1000650,2
1000650,3
1000651,1
1000651,2
1000651,3
1000651,4
1000651,5
1000651,6
1000652,1
1000652,2
1000652,3
1000652,4
1000652,5
1000652,6
1000652,7
1000654,1
1000654,2
1000655,1
1000655,2
1000655,3
1000655,4
1000655,5
1000657,1
1000659,1
1000659,2
1000659,3
1000660,1
1000660,2
1000660,3
1000660,4
1000660,5
1000660,6
1000660,7
1000662,1
1000662,2
1000662,3
1000662,4
1000662,5
1000662,6
1000662,7
1000666,1
1000666,2
1000670,1
1000671,1
1000671,2
1000671,3
1000671,4
1000671,5
1000671,6
1000671,7
1000672,1
1000672,2
1000672,3
1000672,4
1000672,5
1000672,6
1000672,7
1000674,1
1000674,2
1000674,3
1000674,4
1000674,5
1000674,6
1000674,7
1000675,1
1000675,2
1000675,3
1000675,4
1000675,5
1000675,6
1000675,7
1000677,1
1000677,2
1000677,3
1000677,4
1000677,5
1000677,6
1000677,7
1000678,1
1000678,2
1000678,3
1000678,4
1000678,5
1000678,6
1000680,1
1000680,2
1000680,3
1000680,4
1000680,5
1000680,6
1000680,7
1000683,1
1000684,1
1000684,2
1000684,3
1000684,4
1000684,5
1000686,1
1000686,2
1000686,3
1000686,4
1000687,1
1000687,2
1000687,3
1000687,4
1000687,5
1000687,6
1000687,7
1000688,1
1000689,1
1000689,2
1000689,3
1000689,4
1000689,5
1000689,6
1000689,7
1000690,1
1000690,2
1000690,3
1000690,4
1000690,5
1000690,6
1000690,7
1000692,1
1000692,2
1000692,3
1000692,4
1000693,1
1000693,2
1000693,3
1000693,4
1000693,5
1000693,6
1000693,7
1000694,1
1000694,2
1000694,3
1000694,4
1000694,5
1000694,6
1000694,7
1000699,1
1000699,2
1000699,3
1000699,4
1000699,5
1000699,6
1000699,7
1000700,1
1000700,2
1000700,3
1000700,4
1000700,5
1000700,6
1000700,7
1000702,1
1000702,2
1000702,3
1000702,4
1000702,5
1000702,6
1000702,7
1000703,1
1000703,2
1000703,3
1000704,1
1000704,2
1000704,3
1000704,4
1000704,5
1000704,6
1000704,7
1000706,1
1000706,2
1000706,3
1000706,4
1000706,5
1000706,6
1000710,1
1000710,2
1000710,3
1000710,4
1000710,5
1000710,6
1000710,7
1000711,1
1000711,2
1000711,3
1000711,4
1000711,5
1000711,6
1000711,7
1000712,1
1000712,2
1000712,3
1000712,4
1000712,5
1000712,6
1000712,7
1000713,1
1000714,1
1000714,2
1000714,3
1000714,4
1000714,5
1000714,6
1000714,7
1000716,1
1000716,2
1000716,3
1000716,4
1000716,5
1000716,6
1000716,7
1000717,1
1000717,2
1000717,3
1000717,4
1000717,5
1000718,1
1000718,2
1000718,3
1000718,4
1000718,5
1000718,6
1000718,7
1000719,1
1000719,2
1000724,1
1000724,2
1000724,3
1000724,4
1000724,5
1000724,6
1000727,1
1000727,2
1000727,3
1000727,4
1000727,5
1000727,6
1000727,7
1000729,1
1000729,2
1000729,3
1000732,1
1000732,2
1000732,3
1000732,4
1000732,5
1000732,6
1000734,1
1000738,1
1000738,2
1000738,3
1000738,4
1000738,5
1000738,6
1000738,7
1000740,1
1000740,2
1000740,3
1000740,4
1000740,5
1000740,6
1000740,7
1000741,1
1000742,1
1000743,1
1000743,2
1000743,3
1000743,4
1000743,5
1000743,6
1000743,7
1000744,1
1000744,2
1000744,3
1000744,4
1000744,5
1000744,6
1000745,1
1000745,2
1000745,3
1000745,4
1000745,5
1000745,6
1000745,7
1000746,1
1000746,2
1000746,3
1000746,4
1000746,5
1000746,6
1000746,7
1000747,1
1000747,2
1000747,3
1000747,4
1000748,1
1000748,2
1000748,3
1000748,4
1000749,1
1000749,2
1000749,3
1000749,4
1000750,1
1000751,1
1000751,2
1000751,3
1000751,4
1000751,5
1000751,6
1000751,7
1000752,1
1000752,2
1000754,1
1000754,2
1000754,3
1000755,1
1000757,1
1000757,2
1000757,3
1000757,4
1000758,1
1000761,1
1000761,2
1000761,3
1000761,4
1000761,5
1000761,6
1000761,7
1000764,1
1000764,2
1000764,3
1000764,4
1000764,5
1000764,6
1000764,7
1000765,1
1000765,2
1000765,3
1000765,4
1000765,5
1000765,6
1000765,7
1000766,1
1000766,2
1000766,3
1000766,4
1000766,5
1000766,6
1000766,7
1000770,1
1000772,1
1000772,2
1000772,3
1000772,4
1000772,5
1000772,6
1000772,7
1000773,1
1000773,2
1000773,3
1000773,4
1000773,5
1000773,6
1000773,7
1000775,1
1000775,2
1000775,3
1000775,4
1000775,5
1000776,1
1000777,1
1000777,2
1000777,3
1000777,4
1000777,5
1000777,6
1000777,7
1000778,1
1000778,2
1000778,3
1000778,4
1000778,5
1000778,6
1000778,7
1000782,1
1000782,2
1000790,1
1000790,2
1000790,3
1000790,4
1000790,5
1000793,1
1000793,2
1000793,3
1000793,4
1000793,5
1000799,1
1000800,1
1000800,2
1000800,3
1000800,4
1000800,5
1000800,6
1000800,7
1000810,1
1000810,2
1000810,3
1000810,4
1000810,5
1000812,1
1000812,2
1000813,1
1000813,2
1000813,3
1000813,4
1000813,5
1000813,6
1000813,7
1000814,1
1000814,2
1000814,3
1000814,4
1000816,1
1000816,2
1000816,3
1000816,4
1000816,5
1000816,6
1000816,7
1000817,1
1000819,1
1000819,2
1000819,3
1000819,4
1000819,5
1000819,6
1000819,7
1000823,1
1000823,2
1000823,3
1000823,4
1000823,5
1000825,1
1000825,2
1000825,3
1000825,4
1000825,5
1000825,6
1000825,7
1000826,1
1000826,2
1000826,3
1000826,4
1000826,5
1000826,6
1000828,1
1000828,2
1000828,3
1000829,1
1000829,2
1000834,1
1000835,1
1000835,2
1000835,3
1000835,4
1000835,5
1000835,6
1000837,1
1000837,2
1000837,3
1000837,4
1000837,5
1000837,6
1000837,7
1000838,1
1000838,2
1000838,3
1000842,1
1000842,2
1000842,3
1000842,4
1000842,5
1000842,6
1000842,7
1000848,1
1000849,1
1000849,2
1000849,3
1000849,4
1000849,5
1000849,6
1000849,7
1000850,1
1000852,1
1000852,2
1000852,3
1000852,4
1000852,5
1000852,6
1000852,7
1000853,1
1000853,2
1000853,3
1000853,4
1000853,5
1000853,6
1000853,7
1000857,1
1000857,2
1000857,3
1000857,4
1000857,5
1000857,6
1000858,1
1000858,2
1000858,3
1000858,4
1000858,5
1000858,6
1000858,7
1000859,1
1000859,2
1000859,3
1000860,1
1000860,2
1000860,3
1000860,4
1000860,5
1000860,6
1000861,1
1000862,1
1000862,2
1000863,1
1000863,2
1000863,3
1000865,1
1000866,1
1000873,1
1000873,2
1000873,3
1000873,4
1000873,5
1000873,6
1000874,1
1000874,2
1000874,3
1000874,4
1000874,5
1000874,6
1000874,7
1000878,1
1000878,2
1000878,3
1000878,4
1000878,5
1000878,6
1000878,7
1000879,1
1000879,2
1000880,1
1000881,1
1000882,1
1000882,2
1000882,3
1000882,4
1000883,1
1000883,2
1000883,3
1000883,4
1000883,5
1000883,6
1000883,7
1000884,1
1000884,2
1000889,1
1000889,2
1000889,3
1000889,4
1000889,5
1000889,6
1000889,7
1000890,1
1000894,1
1000897,1
1000897,2
1000897,3
1000897,4
1000901,1
1000902,1
1000904,1
1000905,1
1000905,2
1000905,3
1000905,4
1000905,5
1000905,6
1000905,7
1000907,1
1000907,2
1000908,1
1000908,2
1000908,3
1000915,1
1000916,1
1000916,2
1000916,3
1000916,4
1000916,5
1000918,1
1000918,2
1000918,3
1000918,4
1000918,5
1000918,6
1000919,1
1000919,2
1000922,1
1000922,2
1000922,3
1000922,4
1000922,5
1000922,6
1000922,7
1000923,1
1000923,2
1000923,3
1000923,4
1000923,5
1000924,1
1000924,2
1000924,3
1000924,4
1000924,5
1000924,6
1000924,7
1000927,1
1000927,2
1000927,3
1000927,4
1000931,1
1000931,2
1000931,3
1000931,4
1000931,5
1000931,6
1000931,7
1000933,1
1000933,2
1000933,3
1000934,1
1000934,2
1000936,1
1000936,2
1000936,3
1000936,4
1000936,5
1000936,6
1000936,7
1000937,1
1000938,1
1000938,2
1000938,3
1000939,1
1000939,2
1000939,3
1000943,1
1000943,2
1000943,3
1000943,4
1000943,5
1000943,6
1000943,7
1000946,1
1000946,2
1000946,3
1000946,4
1000946,5
1000946,6
1000946,7
1000949,1
1000950,1
1000950,2
1000950,3
1000950,4
1000950,5
1000950,6
1000950,7
1000953,1
1000953,2
1000953,3
1000953,4
1000953,5
1000953,6
1000953,7
1000954,1
1000956,1
1000956,2
1000956,3
1000956,4
1000956,5
1000956,6
1000956,7
1000957,1
1000957,2
1000957,3
1000957,4
1000959,1
1000959,2
1000959,3
1000959,4
1000961,1
1000961,2
1000961,3
1000961,4
1000961,5
1000961,6
1000961,7
1000963,1
1000963,2
1000963,3
1000963,4
1000963,5
1000963,6
1000963,7
1000966,1
1000966,2
1000966,3
1000968,1
1000968,2
1000968,3
1000968,4
1000968,5
1000968,6
1000968,7
1000970,1
1000970,2
1000970,3
1000970,4
1000970,5
1000970,6
1000970,7
1000972,1
1000972,2
1000972,3
1000973,1
1000973,2
1000974,1
1000974,2
1000974,3
1000974,4
1000974,5
1000974,6
1000974,7
1000975,1
1000975,2
1000975,3
1000975,4
1000975,5
1000977,1
1000977,2
1000977,3
1000977,4
1000977,5
1000977,6
1000977,7
1000980,1
1000980,2
1000980,3
1000983,1
1000984,1
1000984,2
1000984,3
1000984,4
1000984,5
1000984,6
1000987,1
1000987,2
1000987,3
1000987,4
1000987,5
1000987,6
1000988,1
1000988,2
1000988,3
1000988,4
1000988,5
1000988,6
1000988,7
1000989,1
1000989,2
1000989,3
1000989,4
1000989,5
1000989,6
1000990,1
1000990,2
1000990,3
1000991,1
1000991,2
1000991,3
1000991,4
1000991,5
1000991,6
1000991,7
1000995,1
1000995,2
1000995,3
1000996,1
1000996,2
1001003,1
1001003,2
1001003,3
1001009,1
1001009,2
1001009,3
1001009,4
1001011,1
1001011,2
1001011,3
1001011,4
1001011,5
1001011,6
1001011,7
1001015,1
1001015,2
1001015,3
1001015,4
1001015,5
1001015,6
1001015,7
1001017,1
1001017,2
1001017,3
1001017,4
1001020,1
1001020,2
1001020,3
1001020,4
1001020,5
1001020,6
1001020,7
1001021,1
1001021,2
1001021,3
1001021,4
1001022,1
1001022,2
1001022,3
1001022,4
1001022,5
1001024,1
1001024,2
1001024,3
1001024,4
1001026,1
1001026,2
1001026,3
1001026,4
1001026,5
1001026,6
1001026,7
1001027,1
1001027,2
1001027,3
1001027,4
1001027,5
1001027,6
1001027,7
1001032,1
1001032,2
1001032,3
1001033,1
1001033,2
1001033,3
1001033,4
1001034,1
1001034,2
1001034,3
1001034,4
1001034,5
1001034,6
1001034,7
1001037,1
1001037,2
1001037,3
1001037,4
1001037,5
1001037,6
1001039,1
1001040,1
1001044,1
1001044,2
1001045,1
1001045,2
1001047,1
1001047,2
1001047,3
1001055,1
1001055,2
1001055,3
1001055,4
1001055,5
1001055,6
1001055,7
1001057,1
1001057,2
1001057,3
1001057,4
1001058,1
1001058,2
1001058,3
1001058,4
1001058,5
1001058,6
1001067,1
1001067,2
1001067,3
1001071,1
1001071,2
1001071,3
1001071,4
1001071,5
1001071,6
1001071,7
1001072,1
1001072,2
1001072,3
1001072,4
1001072,5
1001072,6
1001072,7
1001073,1
1001073,2
1001073,3
1001073,4
1001073,5
1001073,6
1001073,7
1001077,1
1001077,2
1001077,3
1001080,1
1001080,2
1001080,3
1001080,4
1001080,5
1001080,6
1001080,7
1001082,1
1001082,2
1001082,3
1001082,4
1001084,1
1001084,2
1001085,1
1001085,2
1001085,3
1001087,1
1001087,2
1001087,3
1001087,4
1001087,5
1001087,6
1001089,1
1001089,2
1001089,3
1001089,4
1001089,5
1001089,6
1001092,1
1001092,2
1001092,3
1001092,4
1001093,1
1001093,2
1001093,3
1001093,4
1001093,5
1001093,6
1001093,7
1001099,1
1001099,2
1001099,3
1001099,4
1001099,5
1001099,6
1001099,7
1001100,1
1001100,2
1001100,3
1001100,4
1001100,5
1001100,6
1001100,7
1001102,1
1001102,2
1001102,3
1001104,1
1001104,2
1001104,3
1001105,1
1001105,2
1001105,3
1001105,4
1001105,5
1001105,6
1001105,7
1001107,1
1001107,2
1001107,3
1001107,4
1001107,5
1001107,6
1001107,7
1001109,1
1001109,2
1001109,3
1001109,4
1001109,5
1001109,6
1001111,1
1001115,1
1001115,2
1001115,3
1001115,4
1001115,5
1001115,6
1001116,1
1001116,2
1001116,3
1001116,4
1001116,5
1001116,6
1001116,7
1001117,1
1001118,1
1001118,2
1001118,3
1001118,4
1001118,5
1001118,6
1001119,1
1001119,2
1001119,3
1001119,4
1001119,5
1001119,6
1001119,7
1001122,1
1001122,2
1001122,3
1001123,1
1001123,2
1001123,3
1001124,1
1001124,2
1001124,3
1001124,4
1001124,5
1001124,6
1001124,7
1001125,1
1001125,2
1001127,1
1001127,2
1001127,3
1001127,4
1001127,5
1001127,6
1001127,7
1001131,1
1001131,2
1001131,3
1001131,4
1001132,1
1001132,2
1001132,3
1001132,4
1001132,5
1001133,1
1001133,2
1001133,3
1001133,4
1001133,5
1001133,6
1001133,7
1001134,1
1001134,2
1001134,3
1001135,1
1001135,2
1001135,3
1001135,4
1001135,5
1001135,6
1001135,7
1001136,1
1001136,2
1001136,3
1001136,4
1001136,5
1001138,1
1001138,2
1001138,3
1001138,4
1001138,5
1001138,6
1001138,7
1001139,1
1001139,2
1001141,1
1001141,2
1001141,3
1001141,4
1001141,5
1001141,6
1001142,1
1001142,2
1001142,3
1001144,1
1001144,2
1001144,3
1001144,4
1001145,1
1001145,2
1001146,1
1001146,2
1001146,3
1001146,4
1001146,5
1001146,6
1001147,1
1001147,2
1001147,3
1001147,4
1001147,5
1001147,6
1001147,7
1001149,1
1001149,2
1001149,3
1001149,4
1001149,5
1001149,6
1001149,7
1001151,1
1001151,2
1001151,3
1001151,4
1001151,5
1001151,6
1001151,7
1001152,1
1001152,2
1001152,3
1001152,4
1001152,5
1001152,6
1001153,1
1001153,2
1001153,3
1001153,4
1001153,5
1001153,6
1001153,7
1001154,1
1001154,2
1001154,3
1001154,4
1001156,1
1001156,2
1001156,3
1001156,4
1001156,5
1001156,6
1001156,7
1001159,1
1001159,2
1001159,3
1001159,4
1001159,5
1001159,6
1001159,7
1001160,1
1001160,2
1001160,3
1001160,4
1001160,5
1001160,6
1001160,7
1001161,1
1001161,2
1001161,3
1001161,4
1001161,5
1001161,6
1001161,7
1001167,1
1001167,2
1001167,3
1001167,4
1001167,5
1001171,1
1001171,2
1001172,1
1001177,1
1001177,2
1001178,1
1001178,2
1001179,1
1001179,2
1001179,3
1001183,1
1001183,2
1001183,3
1001183,4
1001183,5
1001183,6
1001183,7
1001186,1
1001186,2
1001186,3
1001186,4
1001186,5
1001186,6
1001186,7
1001187,1
1001188,1
1001188,2
1001188,3
1001188,4
1001188,5
1001188,6
1001188,7
1001189,1
1001189,2
1001190,1
1001190,2
1001190,3
1001190,4
1001190,5
1001190,6
1001190,7
1001191,1
1001191,2
1001191,3
1001191,4
1001191,5
1001191,6
1001191,7
1001193,1
1001197,1
1001197,2
1001197,3
1001197,4
1001197,5
1001197,6
1001197,7
1001199,1
1001199,2
1001199,3
1001199,4
1001199,5
1001199,6
1001199,7
1001200,1
1001200,2
1001201,1
1001203,1
1001203,2
1001203,3
1001203,4
1001203,5
1001203,6
1001203,7
1001205,1
1001205,2
1001205,3
1001205,4
1001205,5
1001205,6
1001205,7
1001207,1
1001207,2
1001207,3
1001209,1
1001209,2
1001209,3
1001209,4
1001209,5
1001209,6
1001209,7
1001211,1
1001211,2
1001211,3
1001213,1
1001213,2
1001213,3
1001213,4
1001213,5
1001213,6
1001213,7
1001215,1
1001215,2
1001215,3
1001215,4
1001215,5
1001215,6
1001215,7
1001220,1
1001220,2
1001220,3
1001220,4
1001220,5
1001220,6
1001221,1
1001221,2
1001221,3
1001221,4
1001223,1
1001223,2
1001223,3
1001223,4
1001223,5
1001223,6
1001223,7
1001224,1
1001224,2
1001224,3
1001224,4
1001224,5
1001224,6
1001225,1
1001225,2
1001225,3
1001225,4
1001226,1
1001226,2
1001226,3
1001226,4
1001226,5
1001226,6
1001232,1
1001233,1
1001233,2
1001233,3
1001233,4
1001233,5
1001233,6
1001233,7
1001235,1
1001236,1
1001236,2
1001236,3
1001236,4
1001236,5
1001236,6
1001236,7
1001239,1
1001239,2
1001244,1
1001244,2
1001244,3
1001245,1
1001245,2
1001245,3
1001245,4
1001245,5
1001245,6
1001245,7
1001247,1
1001247,2
1001247,3
1001247,4
1001247,5
1001247,6
1001247,7
1001248,1
1001248,2
1001248,3
1001248,4
1001248,5
1001248,6
1001248,7
1001250,1
1001250,2
1001250,3
1001250,4
1001250,5
1001250,6
1001250,7
1001251,1
1001251,2
1001251,3
1001251,4
1001251,5
1001251,6
1001251,7
1001253,1
1001253,2
1001253,3
1001253,4
1001253,5
1001253,6
1001253,7
1001257,1
1001257,2
1001257,3
1001257,4
1001257,5
1001257,6
1001257,7
1001259,1
1001259,2
1001259,3
1001259,4
1001259,5
1001259,6
1001259,7
1001261,1
1001261,2
1001261,3
1001261,4
1001261,5
1001261,6
1001261,7
1001262,1
1001264,1
1001264,2
1001264,3
1001264,4
1001264,5
1001264,6
1001264,7
1001269,1
1001269,2
1001269,3
1001269,4
1001269,5
1001269,6
1001269,7
1001272,1
1001272,2
1001272,3
1001272,4
1001272,5
1001272,6
1001272,7
1001273,1
1001273,2
1001273,3
1001273,4
1001273,5
1001273,6
1001273,7
1001274,1
1001275,1
1001276,1
1001277,1
1001277,2
1001281,1
1001281,2
1001284,1
1001284,2
1001284,3
1001284,4
1001284,5
1001284,6
1001284,7
1001285,1
1001285,2
1001287,1
1001287,2
1001287,3
1001287,4
1001287,5
1001289,1
1001289,2
1001289,3
1001289,4
1001289,5
1001289,6
1001290,1
1001290,2
1001290,3
1001290,4
1001290,5
1001290,6
1001290,7
1001291,1
1001291,2
1001291,3
1001291,4
1001292,1
1001292,2
1001292,3
1001292,4
1001292,5
1001292,6
1001292,7
1001294,1
1001294,2
1001294,3
1001294,4
1001294,5
1001294,6
1001294,7
1001299,1
1001299,2
1001299,3
1001299,4
1001299,5
1001299,6
1001300,1
1001300,2
1001300,3
1001300,4
1001300,5
1001300,6
1001300,7
1001301,1
1001301,2
1001301,3
1001301,4
1001302,1
1001302,2
1001302,3
1001302,4
1001302,5
1001302,6
1001302,7
1001303,1
1001303,2
1001303,3
1001303,4
1001303,5
1001303,6
1001303,7
1001305,1
1001305,2
1001305,3
1001305,4
1001305,5
1001305,6
1001305,7
1001306,1
1001309,1
1001309,2
1001309,3
1001311,1
1001311,2
1001311,3
1001311,4
1001311,5
1001311,6
1001311,7
1001313,1
1001313,2
1001313,3
1001313,4
1001314,1
1001314,2
1001314,3
1001314,4
1001314,5
1001314,6
1001314,7
1001315,1
1001315,2
1001317,1
1001317,2
1001317,3
1001317,4
1001317,5
1001317,6
1001317,7
1001322,1
1001322,2
1001322,3
1001322,4
1001322,5
1001322,6
1001322,7
1001328,1
1001328,2
1001328,3
1001328,4
1001328,5
1001328,6
1001328,7
1001330,1
1001330,2
1001330,3
1001330,4
1001330,5
1001333,1
1001333,2
1001333,3
1001333,4
1001333,5
1001333,6
1001333,7
1001335,1
1001335,2
1001335,3
1001335,4
1001335,5
1001335,6
1001335,7
1001343,1
1001343,2
1001343,3
1001343,4
1001344,1
1001344,2
1001344,3
1001344,4
1001345,1
1001345,2
1001345,3
1001345,4
1001345,5
1001345,6
1001345,7
1001346,1
1001346,2
1001346,3
1001346,4
1001346,5
1001346,6
1001346,7
1001347,1
1001347,2
1001347,3
1001347,4
1001347,5
1001347,6
1001347,7
1001350,1
1001350,2
1001352,1
1001352,2
1001352,3
1001354,1
1001354,2
1001354,3
1001354,4
1001354,5
1001354,6
1001354,7
1001355,1
1001355,2
1001357,1
1001357,2
1001357,3
1001357,4
1001357,5
1001358,1
1001358,2
1001358,3
1001358,4
1001358,5
1001358,6
1001358,7
1001360,1
1001360,2
1001360,3
1001360,4
1001360,5
1001360,6
1001360,7
1001361,1
1001361,2
1001361,3
1001361,4
1001361,5
1001361,6
1001361,7
1001362,1
1001362,2
1001362,3
1001362,4
1001362,5
1001362,6
1001362,7
1001364,1
1001364,2
1001368,1
1001368,2
1001368,3
1001368,4
1001368,5
1001371,1
1001371,2
1001371,3
1001371,4
1001371,5
1001371,6
1001373,1
1001373,2
1001373,3
1001373,4
1001373,5
1001373,6
1001373,7
1001375,1
1001376,1
1001376,2
1001381,1
1001381,2
1001382,1
1001382,2
1001382,3
1001382,4
1001382,5
1001382,6
1001382,7
1001386,1
1001386,2
1001386,3
1001386,4
1001386,5
1001386,6
1001386,7
1001389,1
1001389,2
1001389,3
1001389,4
1001394,1
1001394,2
1001394,3
1001394,4
1001394,5
1001394,6
1001394,7
1001396,1
1001396,2
1001396,3
1001396,4
1001396,5
1001396,6
1001396,7
1001397,1
1001397,2
1001399,1
1001399,2
1001399,3
1001400,1
1001400,2
1001400,3
1001400,4
1001400,5
1001400,6
1001400,7
1001401,1
1001401,2
1001401,3
1001401,4
1001401,5
1001407,1
1001409,1
1001409,2
1001409,3
1001409,4
1001409,5
1001412,1
1001412,2
1001412,3
1001412,4
1001415,1
1001415,2
1001415,3
1001417,1
1001417,2
1001417,3
1001421,1
1001421,2
1001421,3
1001421,4
1001421,5
1001424,1
1001424,2
1001424,3
1001424,4
1001424,5
1001424,6
1001426,1
1001426,2
1001426,3
1001426,4
1001427,1
1001427,2
1001427,3
1001427,4
1001427,5
1001427,6
1001427,7
1001433,1
1001433,2
1001433,3
1001433,4
1001434,1
1001434,2
1001434,3
1001434,4
1001434,5
1001434,6
1001434,7
1001435,1
1001435,2
1001435,3
1001435,4
1001435,5
1001436,1
1001436,2
1001436,3
1001436,4
1001436,5
1001436,6
1001436,7
1001439,1
1001439,2
1001439,3
1001439,4
1001439,5
1001441,1
1001441,2
1001441,3
1001441,4
1001441,5
1001441,6
1001442,1
1001442,2
1001442,3
1001444,1
1001445,1
1001445,2
1001445,3
1001445,4
1001445,5
1001445,6
1001445,7
1001448,1
1001448,2
1001448,3
1001448,4
1001448,5
1001448,6
1001448,7
1001449,1
1001453,1
1001453,2
1001453,3
1001453,4
1001454,1
1001454,2
1001455,1
1001455,2
1001457,1
1001457,2
1001457,3
1001458,1
1001458,2
1001458,3
1001458,4
1001458,5
1001458,6
1001458,7
1001460,1
1001460,2
1001460,3
1001460,4
1001460,5
1001460,6
1001460,7
1001461,1
1001461,2
1001461,3
1001461,4
1001461,5
1001461,6
1001461,7
1001462,1
1001462,2
1001462,3
1001462,4
1001462,5
1001462,6
1001462,7
1001464,1
1001464,2
1001464,3
1001464,4
1001464,5
1001464,6
1001464,7
1001466,1
1001466,2
1001466,3
1001467,1
1001467,2
1001467,3
1001467,4
1001467,5
1001467,6
1001467,7
1001469,1
1001469,2
1001469,3
1001469,4
1001469,5
1001469,6
1001469,7
1001471,1
1001471,2
1001471,3
1001471,4
1001471,5
1001471,6
1001471,7
1001475,1
1001475,2
1001475,3
1001476,1
1001478,1
1001478,2
1001482,1
1001483,1
1001483,2
1001483,3
1001483,4
1001483,5
1001483,6
1001483,7
1001485,1
1001485,2
1001485,3
1001485,4
1001485,5
1001487,1
1001487,2
1001488,1
1001488,2
1001488,3
1001488,4
1001489,1
1001489,2
1001489,3
1001490,1
1001491,1
1001496,1
1001496,2
1001496,3
1001496,4
1001496,5
1001496,6
1001496,7
1001502,1
1001502,2
1001502,3
1001502,4
1001502,5
1001502,6
1001502,7
1001503,1
1001503,2
1001503,3
1001503,4
1001503,5
1001505,1
1001505,2
1001505,3
1001505,4
1001505,5
1001505,6
1001505,7
1001506,1
1001506,2
1001506,3
1001506,4
1001506,5
1001506,6
1001506,7
1001509,1
1001510,1
1001510,2
1001510,3
1001510,4
1001510,5
1001510,6
1001510,7
1001513,1
1001513,2
1001513,3
1001513,4
1001513,5
1001513,6
1001513,7
1001514,1
1001514,2
1001514,3
1001514,4
1001514,5
1001514,6
1001514,7
1001515,1
1001515,2
1001515,3
1001516,1
1001516,2
1001516,3
1001516,4
1001516,5
1001518,1
1001518,2
1001518,3
1001518,4
1001518,5
1001518,6
1001518,7
1001519,1
1001519,2
1001519,3
1001519,4
1001519,5
1001519,6
1001523,1
1001523,2
1001524,1
1001524,2
1001524,3
1001524,4
1001524,5
1001524,6
1001524,7
1001525,1
1001525,2
1001526,1
1001535,1
1001535,2
1001535,3
1001535,4
1001535,5
1001535,6
1001536,1
1001536,2
1001536,3
1001537,1
1001537,2
1001537,3
1001537,4
1001539,1
1001539,2
1001539,3
1001540,1
1001540,2
1001540,3
1001540,4
1001540,5
1001540,6
1001540,7
1001541,1
1001541,2
1001541,3
1001541,4
1001541,5
1001541,6
1001544,1
1001544,2
1001544,3
1001544,4
1001545,1
1001545,2
1001545,3
1001545,4
1001545,5
1001545,6
1001545,7
1001546,1
1001546,2
1001546,3
1001546,4
1001546,5
1001546,6
1001546,7
1001548,1
1001548,2
1001548,3
1001548,4
1001548,5
1001548,6
1001548,7
1001549,1
1001549,2
1001549,3
1001549,4
1001549,5
1001549,6
1001549,7
1001555,1
1001555,2
1001555,3
1001555,4
1001558,1
1001558,2
1001558,3
1001558,4
1001558,5
1001558,6
1001558,7
1001559,1
1001559,2
1001559,3
1001559,4
1001559,5
1001559,6
1001559,7
1001563,1
1001563,2
1001563,3
1001563,4
1001563,5
1001563,6
1001563,7
1001565,1
1001565,2
1001565,3
1001565,4
1001565,5
1001565,6
1001565,7
1001566,1
1001566,2
1001566,3
1001566,4
1001566,5
1001566,6
1001567,1
1001567,2
1001567,3
1001568,1
1001568,2
1001568,3
1001568,4
1001572,1
1001572,2
1001574,1
1001574,2
1001574,3
1001574,4
1001578,1
1001578,2
1001578,3
1001578,4
1001578,5
1001579,1
1001579,2
1001579,3
1001581,1
1001581,2
1001582,1
1001582,2
1001582,3
1001582,4
1001582,5
1001582,6
1001582,7
1001583,1
1001583,2
1001583,3
1001585,1
1001585,2
1001585,3
1001585,4
1001585,5
1001586,1
1001586,2
1001586,3
1001586,4
1001586,5
1001589,1
1001589,2
1001589,3
1001589,4
1001589,5
1001589,6
1001589,7
1001590,1
1001590,2
1001591,1
1001591,2
1001592,1
1001592,2
1001592,3
1001592,4
1001592,5
1001592,6
1001596,1
1001596,2
1001596,3
1001596,4
1001596,5
1001596,6
1001596,7
1001600,1
1001607,1
1001607,2
1001608,1
1001608,2
1001608,3
1001608,4
1001608,5
1001608,6
1001609,1
1001609,2
1001611,1
1001611,2
1001611,3
1001611,4
1001611,5
1001611,6
1001611,7
1001613,1
1001613,2
1001613,3
1001613,4
1001613,5
1001613,6
1001613,7
1001615,1
1001615,2
1001615,3
1001615,4
1001617,1
1001617,2
1001617,3
1001617,4
1001617,5
1001617,6
1001619,1
1001621,1
1001621,2
1001621,3
1001621,4
1001621,5
1001621,6
1001621,7
1001622,1
1001622,2
1001623,1
1001623,2
1001623,3
1001623,4
1001623,5
1001623,6
1001623,7
1001624,1
1001624,2
1001624,3
1001624,4
1001624,5
1001624,6
1001624,7
1001627,1
1001628,1
1001628,2
1001628,3
1001628,4
1001628,5
1001628,6
1001628,7
1001629,1
1001635,1
1001635,2
1001635,3
1001635,4
1001635,5
1001640,1
1001640,2
1001640,3
1001640,4
1001640,5
1001640,6
1001640,7
1001645,1
1001645,2
1001645,3
1001647,1
1001647,2
1001647,3
1001647,4
1001647,5
1001647,6
1001649,1
1001649,2
1001649,3
1001649,4
1001651,1
1001652,1
1001652,2
1001652,3
1001652,4
1001653,1
1001653,2
1001653,3
1001653,4
1001653,5
1001653,6
1001653,7
1001656,1
1001656,2
1001656,3
1001656,4
1001656,5
1001656,6
1001656,7
1001661,1
1001661,2
1001661,3
1001661,4
1001661,5
1001661,6
1001661,7
1001664,1
1001665,1
1001665,2
1001665,3
1001665,4
1001665,5
1001665,6
1001665,7
1001668,1
1001669,1
1001669,2
1001669,3
1001670,1
1001670,2
1001670,3
1001670,4
1001670,5
1001670,6
1001672,1
1001672,2
1001672,3
1001672,4
1001672,5
1001672,6
1001672,7
1001673,1
1001673,2
1001673,3
1001673,4
1001673,5
1001673,6
1001673,7
1001674,1
1001674,2
1001674,3
1001674,4
1001674,5
1001674,6
1001674,7
1001675,1
1001675,2
1001675,3
1001675,4
1001675,5
1001675,6
1001675,7
1001677,1
1001677,2
1001677,3
1001677,4
1001677,5
1001677,6
1001679,1
1001679,2
1001679,3
1001679,4
1001679,5
1001679,6
1001679,7
1001683,1
1001683,2
1001683,3
1001683,4
1001686,1
1001686,2
1001686,3
1001686,4
1001686,5
1001686,6
1001688,1
1001688,2
1001688,3
1001688,4
1001690,1
1001690,2
1001692,1
1001692,2
1001692,3
1001693,1
1001695,1
1001695,2
1001695,3
1001696,1
1001697,1
1001697,2
1001697,3
1001697,4
1001697,5
1001697,6
1001697,7
1001699,1
1001699,2
1001699,3
1001699,4
1001699,5
1001699,6
1001699,7
1001701,1
1001701,2
1001701,3
1001701,4
1001701,5
1001701,6
1001701,7
1001702,1
1001702,2
1001705,1
1001705,2
1001705,3
1001705,4
1001705,5
1001705,6
1001705,7
1001707,1
1001707,2
1001710,1
1001710,2
1001710,3
1001710,4
1001710,5
1001710,6
1001710,7
1001711,1
1001711,2
1001711,3
1001711,4
1001711,5
1001712,1
1001712,2
1001712,3
1001712,4
1001712,5
1001712,6
1001712,7
1001714,1
1001714,2
1001714,3
1001719,1
1001721,1
1001722,1
1001722,2
1001722,3
1001722,4
1001725,1
1001725,2
1001725,3
1001725,4
1001725,5
1001726,1
1001726,2
1001726,3
1001726,4
1001726,5
1001726,6
1001726,7
1001727,1
1001727,2
1001727,3
1001727,4
1001727,5
1001728,1
1001728,2
1001728,3
1001728,4
1001728,5
1001728,6
1001728,7
1001736,1
1001736,2
1001736,3
1001736,4
1001736,5
1001739,1
1001739,2
1001739,3
1001739,4
1001739,5
1001739,6
1001739,7
1001743,1
1001743,2
1001743,3
1001743,4
1001743,5
1001743,6
1001745,1
1001746,1
1001746,2
1001746,3
1001746,4
1001746,5
1001746,6
1001746,7
1001748,1
1001748,2
1001748,3
1001748,4
1001748,5
1001748,6
1001749,1
1001749,2
1001749,3
1001749,4
1001749,5
1001749,6
1001751,1
1001751,2
1001757,1
1001757,2
1001757,3
1001757,4
1001757,5
1001757,6
1001757,7
1001759,1
1001759,2
1001759,3
1001763,1
1001763,2
1001763,3
1001763,4
1001763,5
1001763,6
1001764,1
1001764,2
1001766,1
1001768,1
1001768,2
1001768,3
1001769,1
1001769,2
1001769,3
1001769,4
1001769,5
1001769,6
1001769,7
1001770,1
1001773,1
1001773,2
1001774,1
1001774,2
1001774,3
1001774,4
1001774,5
1001774,6
1001774,7
1001775,1
1001775,2
1001775,3
1001775,4
1001775,5
1001775,6
1001775,7
1001776,1
1001778,1
1001778,2
1001778,3
1001778,4
1001778,5
1001778,6
1001778,7
1001781,1
1001781,2
1001781,3
1001781,4
1001783,1
1001783,2
1001786,1
1001786,2
1001786,3
1001787,1
1001787,2
1001787,3
1001787,4
1001787,5
1001787,6
1001789,1
1001789,2
1001789,3
1001789,4
1001793,1
1001793,2
1001793,3
1001793,4
1001793,5
1001793,6
1001793,7
1001794,1
1001794,2
1001794,3
1001794,4
1001794,5
1001795,1
1001797,1
1001797,2
1001797,3
1001797,4
1001797,5
1001797,6
1001797,7
1001799,1
1001799,2
1001799,3
1001799,4
1001799,5
1001799,6
1001799,7
1001803,1
1001804,1
1001804,2
1001804,3
1001804,4
1001804,5
1001804,6
1001804,7
1001806,1
1001806,2
1001806,3
1001806,4
1001809,1
1001809,2
1001809,3
1001810,1
1001810,2
1001810,3
1001810,4
1001810,5
1001810,6
1001810,7
1001815,1
1001815,2
1001815,3
1001815,4
1001817,1
1001817,2
1001817,3
1001817,4
1001817,5
1001817,6
1001817,7
1001818,1
1001818,2
1001818,3
1001818,4
1001818,5
1001818,6
1001818,7
1001819,1
1001819,2
1001819,3
1001819,4
1001819,5
1001820,1
1001820,2
1001820,3
1001820,4
1001820,5
1001820,6
1001820,7
1001821,1
1001821,2
1001821,3
1001821,4
1001821,5
1001821,6
1001821,7
1001822,1
1001822,2
1001823,1
1001823,2
1001823,3
1001823,4
1001823,5
1001823,6
1001825,1
1001825,2
1001825,3
1001825,4
1001825,5
1001825,6
1001825,7
1001826,1
1001826,2
1001826,3
1001827,1
1001827,2
1001827,3
1001827,4
1001827,5
1001827,6
1001827,7
1001828,1
1001834,1
1001834,2
1001834,3
1001838,1
1001838,2
1001838,3
1001840,1
1001840,2
1001841,1
1001841,2
1001841,3
1001841,4
1001841,5
1001841,6
1001841,7
1001851,1
1001851,2
1001851,3
1001851,4
1001851,5
1001851,6
1001851,7
1001852,1
1001852,2
1001852,3
1001852,4
1001852,5
1001852,6
1001853,1
1001853,2
1001853,3
1001853,4
1001853,5
1001853,6
1001853,7
1001855,1
1001855,2
1001855,3
1001855,4
1001855,5
1001855,6
1001856,1
1001856,2
1001859,1
1001859,2
1001859,3
1001859,4
1001859,5
1001859,6
1001859,7
1001861,1
1001861,2
1001861,3
1001861,4
1001861,5
1001861,6
1001861,7
1001863,1
1001863,2
1001863,3
1001863,4
1001863,5
1001863,6
1001863,7
1001865,1
1001865,2
1001865,3
1001865,4
1001865,5
1001865,6
1001865,7
1001867,1
1001867,2
1001867,3
1001867,4
1001867,5
1001867,6
1001867,7
1001868,1
1001868,2
1001868,3
1001868,4
1001868,5
1001868,6
1001868,7
1001869,1
1001869,2
1001869,3
1001869,4
1001869,5
1001869,6
1001869,7
1001871,1
1001871,2
1001871,3
1001871,4
1001871,5
1001871,6
1001871,7
1001874,1
1001874,2
1001874,3
1001874,4
1001874,5
1001876,1
1001876,2
1001876,3
1001876,4
1001876,5
1001876,6
1001876,7
1001877,1
1001877,2
1001877,3
1001877,4
1001877,5
1001877,6
1001877,7
1001878,1
1001878,2
1001878,3
1001878,4
1001878,5
1001878,6
1001878,7
1001879,1
1001879,2
1001879,3
1001879,4
1001879,5
1001879,6
1001879,7
1001880,1
1001880,2
1001882,1
1001882,2
1001882,3
1001882,4
1001882,5
1001882,6
1001882,7
1001885,1
1001885,2
1001890,1
1001890,2
1001890,3
1001890,4
1001890,5
1001890,6
1001890,7
1001893,1
1001893,2
1001893,3
1001893,4
1001893,5
1001893,6
1001893,7
1001894,1
1001894,2
1001894,3
1001894,4
1001894,5
1001894,6
1001894,7
1001902,1
1001902,2
1001904,1
1001904,2
1001904,3
1001904,4
1001908,1
1001908,2
1001908,3
1001908,4
1001908,5
1001908,6
1001908,7
1001909,1
1001909,2
1001909,3
1001912,1
1001912,2
1001913,1
1001913,2
1001913,3
1001913,4
1001913,5
1001913,6
1001913,7
1001915,1
1001915,2
1001915,3
1001915,4
1001915,5
1001915,6
1001915,7
1001916,1
1001916,2
1001916,3
1001916,4
1001916,5
1001925,1
1001925,2
1001925,3
1001925,4
1001927,1
1001927,2
1001928,1
1001928,2
1001928,3
1001928,4
1001928,5
1001928,6
1001928,7
1001929,1
1001929,2
1001929,3
1001929,4
1001929,5
1001929,6
1001930,1
1001930,2
1001933,1
1001933,2
1001933,3
1001933,4
1001933,5
1001933,6
1001933,7
1001937,1
1001938,1
1001938,2
1001938,3
1001938,4
1001938,5
1001938,6
1001938,7
1001939,1
1001939,2
1001939,3
1001939,4
1001939,5
1001940,1
1001940,2
1001940,3
1001940,4
1001940,5
1001941,1
1001941,2
1001941,3
1001941,4
1001942,1
1001942,2
1001942,3
1001942,4
1001942,5
1001942,6
1001942,7
1001943,1
1001943,2
1001943,3
1001943,4
1001943,5
1001943,6
1001943,7
1001945,1
1001945,2
1001948,1
1001948,2
1001948,3
1001948,4
1001948,5
1001948,6
1001948,7
1001952,1
1001952,2
1001952,3
1001952,4
1001952,5
1001953,1
1001953,2
1001955,1
1001955,2
1001955,3
1001955,4
1001955,5
1001955,6
1001955,7
1001960,1
1001961,1
1001961,2
1001961,3
1001961,4
1001961,5
1001961,6
1001961,7
1001964,1
1001964,2
1001964,3
1001964,4
1001964,5
1001964,6
1001964,7
1001966,1
1001966,2
1001966,3
1001966,4
1001967,1
1001967,2
1001967,3
1001967,4
1001967,5
1001967,6
1001967,7
1001970,1
1001972,1
1001972,2
1001972,3
1001972,4
1001972,5
1001972,6
1001972,7
1001973,1
1001976,1
1001976,2
1001976,3
1001976,4
1001976,5
1001976,6
1001976,7
1001978,1
1001978,2
1001978,3
1001978,4
1001978,5
1001978,6
1001979,1
1001979,2
1001979,3
1001979,4
1001979,5
1001979,6
1001979,7
1001980,1
1001980,2
1001980,3
1001980,4
1001980,5
1001980,6
1001980,7
1001981,1
1001981,2
1001982,1
1001982,2
1001986,1
1001986,2
1001986,3
1001986,4
1001986,5
1001986,6
1001986,7
1001987,1
1001987,2
1001987,3
1001987,4
1001987,5
1001987,6
1001987,7
1001992,1
1001992,2
1001992,3
1001992,4
1001992,5
1001992,6
1001992,7
1001998,1
1001998,2
1001998,3
1002000,1
1002002,1
1002002,2
1002002,3
1002002,4
1002002,5
1002002,6
1002002,7
1002005,1
1002005,2
1002006,1
1002006,2
1002006,3
1002006,4
1002006,5
1002006,6
1002006,7
1002007,1
1002007,2
1002007,3
1002007,4
1002007,5
1002007,6
1002007,7
1002014,1
1002014,2
1002016,1
1002016,2
1002020,1
1002020,2
1002020,3
1002020,4
1002020,5
1002020,6
1002020,7
1002028,1
1002028,2
1002029,1
1002029,2
1002029,3
1002029,4
1002029,5
1002029,6
1002029,7
1002030,1
1002030,2
1002030,3
1002030,4
1002031,1
1002031,2
1002031,3
1002031,4
1002032,1
1002032,2
1002032,3
1002033,1
1002034,1
1002040,1
1002040,2
1002040,3
1002041,1
1002041,2
1002041,3
1002043,1
1002043,2
1002045,1
1002045,2
1002045,3
1002045,4
1002051,1
1002051,2
1002051,3
1002051,4
1002051,5
1002051,6
1002051,7
1002052,1
1002055,1
1002055,2
1002055,3
1002055,4
1002055,5
1002055,6
1002055,7
1002056,1
1002056,2
1002056,3
1002056,4
1002056,5
1002058,1
1002058,2
1002058,3
1002058,4
1002058,5
1002058,6
1002058,7
1002062,1
1002063,1
1002063,2
1002063,3
1002065,1
1002065,2
1002065,3
1002065,4
1002065,5
1002068,1
1002068,2
1002068,3
1002068,4
1002068,5
1002068,6
1002068,7
1002069,1
1002069,2
1002073,1
1002073,2
1002074,1
1002074,2
1002077,1
1002077,2
1002077,3
1002077,4
1002077,5
1002077,6
1002077,7
1002081,1
1002081,2
1002081,3
1002081,4
1002081,5
1002081,6
1002086,1
1002086,2
1002086,3
1002086,4
1002089,1
1002089,2
1002089,3
1002089,4
1002089,5
1002089,6
1002089,7
1002093,1
1002093,2
1002093,3
1002093,4
1002093,5
1002093,6
1002095,1
1002095,2
1002095,3
1002095,4
1002095,5
1002095,6
1002097,1
1002097,2
1002097,3
1002097,4
1002097,5
1002097,6
1002097,7
1002105,1
1002108,1
1002108,2
1002108,3
1002108,4
1002108,5
1002108,6
1002108,7
1002109,1
1002109,2
1002109,3
1002109,4
1002109,5
1002109,6
1002109,7
1002110,1
1002110,2
1002110,3
1002110,4
1002110,5
1002110,6
1002110,7
1002111,1
1002111,2
1002111,3
1002111,4
1002111,5
1002111,6
1002111,7
1002112,1
1002112,2
1002113,1
1002113,2
1002113,3
1002113,4
1002113,5
1002113,6
1002113,7
1002116,1
1002116,2
1002116,3
1002116,4
1002116,5
1002119,1
1002120,1
1002120,2
1002120,3
1002120,4
1002121,1
1002121,2
1002121,3
1002121,4
1002121,5
1002121,6
1002121,7
1002122,1
1002122,2
1002122,3
1002122,4
1002122,5
1002122,6
1002122,7
1002123,1
1002123,2
1002123,3
1002124,1
1002124,2
1002124,3
1002124,4
1002124,5
1002124,6
1002124,7
1002127,1
1002127,2
1002127,3
1002127,4
1002127,5
1002127,6
1002127,7
1002128,1
1002128,2
1002128,3
1002129,1
1002129,2
1002129,3
1002133,1
1002133,2
1002134,1
1002134,2
1002135,1
1002135,2
1002136,1
1002136,2
1002138,1
1002138,2
1002138,3
1002138,4
1002138,5
1002143,1
1002143,2
1002143,3
1002143,4
1002143,5
1002143,6
1002143,7
1002144,1
1002144,2
1002144,3
1002144,4
1002144,5
1002144,6
1002144,7
1002146,1
1002146,2
1002146,3
1002146,4
1002146,5
1002146,6
1002146,7
1002147,1
1002147,2
1002147,3
1002147,4
1002148,1
1002148,2
1002148,3
1002148,4
1002148,5
1002148,6
1002148,7
1002153,1
1002153,2
1002153,3
1002153,4
1002153,5
1002153,6
1002153,7
1002158,1
1002158,2
1002158,3
1002158,4
1002158,5
1002158,6
1002158,7
1002159,1
1002160,1
1002160,2
1002160,3
1002167,1
1002167,2
1002167,3
1002167,4
1002167,5
1002170,1
1002170,2
1002170,3
1002170,4
1002170,5
1002171,1
1002171,2
1002171,3
1002171,4
1002171,5
1002171,6
1002171,7
1002172,1
1002172,2
1002172,3
1002172,4
1002173,1
1002173,2
1002173,3
1002173,4
1002173,5
1002173,6
1002173,7
1002175,1
1002175,2
1002175,3
1002175,4
1002175,5
1002175,6
1002175,7
1002177,1
1002177,2
1002177,3
1002177,4
1002177,5
1002177,6
1002177,7
1002178,1
1002178,2
1002178,3
1002178,4
1002178,5
1002178,6
1002178,7
1002179,1
1002179,2
1002179,3
1002179,4
1002179,5
1002179,6
1002180,1
1002180,2
1002180,3
1002180,4
1002180,5
1002181,1
1002181,2
1002181,3
1002182,1
1002182,2
1002182,3
1002182,4
1002182,5
1002182,6
1002182,7
1002183,1
1002183,2
1002183,3
1002184,1
1002184,2
1002184,3
1002184,4
1002184,5
1002184,6
1002184,7
1002186,1
1002186,2
1002186,3
1002186,4
1002186,5
1002188,1
1002188,2
1002188,3
1002188,4
1002188,5
1002188,6
1002188,7
1002192,1
1002192,2
1002196,1
1002197,1
1002197,2
1002197,3
1002198,1
1002198,2
1002198,3
1002198,4
1002198,5
1002198,6
1002198,7
1002199,1
1002199,2
1002199,3
1002200,1
1002200,2
1002200,3
1002200,4
1002200,5
1002200,6
1002200,7
1002202,1
1002202,2
1002202,3
1002202,4
1002202,5
1002202,6
1002202,7
1002203,1
1002203,2
1002203,3
1002203,4
1002203,5
1002203,6
1002203,7
1002204,1
1002204,2
1002204,3
1002204,4
1002204,5
1002204,6
1002204,7
1002205,1
1002205,2
1002205,3
1002205,4
1002205,5
1002205,6
1002205,7
1002206,1
1002206,2
1002206,3
1002206,4
1002206,5
1002208,1
1002208,2
1002211,1
1002211,2
1002214,1
1002214,2
1002219,1
1002219,2
1002219,3
1002219,4
1002219,5
1002219,6
1002219,7
1002220,1
1002220,2
1002220,3
1002221,1
1002221,2
1002221,3
1002221,4
1002221,5
1002221,6
1002229,1
1002229,2
1002229,3
1002229,4
1002229,5
1002229,6
1002229,7
1002231,1
1002231,2
1002231,3
1002232,1
1002232,2
1002232,3
1002232,4
1002232,5
1002232,6
1002232,7
1002233,1
1002233,2
1002233,3
1002233,4
1002233,5
1002233,6
1002233,7
1002236,1
1002236,2
1002236,3
1002236,4
1002236,5
1002236,6
1002236,7
1002239,1
1002239,2
1002240,1
1002240,2
1002240,3
1002240,4
1002240,5
1002240,6
1002240,7
1002241,1
1002241,2
1002241,3
1002243,1
1002243,2
1002243,3
1002243,4
1002243,5
1002243,6
1002243,7
1002244,1
1002246,1
1002246,2
1002246,3
1002246,4
1002246,5
1002246,6
1002247,1
1002247,2
1002247,3
1002247,4
1002247,5
1002247,6
1002247,7
1002252,1
1002253,1
1002253,2
1002256,1
1002256,2
1002256,3
1002256,4
1002256,5
1002256,6
1002256,7
1002258,1
1002258,2
1002258,3
1002258,4
1002258,5
1002258,6
1002261,1
1002261,2
1002261,3
1002261,4
1002262,1
1002262,2
1002262,3
1002262,4
1002266,1
1002266,2
1002267,1
1002267,2
1002267,3
1002267,4
1002267,5
1002267,6
1002267,7
1002275,1
1002275,2
1002275,3
1002275,4
1002275,5
1002275,6
1002277,1
1002277,2
1002277,3
1002277,4
1002277,5
1002277,6
1002280,1
1002280,2
1002282,1
1002283,1
1002283,2
1002283,3
1002283,4
1002283,5
1002283,6
1002283,7
1002285,1
1002285,2
1002285,3
1002285,4
1002285,5
1002285,6
1002289,1
1002289,2
1002289,3
1002289,4
1002289,5
1002293,1
1002293,2
1002293,3
1002293,4
1002293,5
1002293,6
1002293,7
1002296,1
1002296,2
1002297,1
1002297,2
1002297,3
1002300,1
1002300,2
1002300,3
1002300,4
1002300,5
1002300,6
1002300,7
1002301,1
1002301,2
1002301,3
1002301,4
1002301,5
1002301,6
1002301,7
1002302,1
1002302,2
1002302,3
1002305,1
1002305,2
1002305,3
1002305,4
1002305,5
1002308,1
1002308,2
1002309,1
1002309,2
1002309,3
1002309,4
1002309,5
1002309,6
1002309,7
1002311,1
1002311,2
1002312,1
1002313,1
1002313,2
1002315,1
1002315,2
1002315,3
1002315,4
1002315,5
1002315,6
1002315,7
1002316,1
1002316,2
1002316,3
1002316,4
1002316,5
1002316,6
1002316,7
1002317,1
1002317,2
1002317,3
1002317,4
1002317,5
1002317,6
1002317,7
1002318,1
1002318,2
1002318,3
1002318,4
1002324,1
1002324,2
1002324,3
1002331,1
1002331,2
1002331,3
1002331,4
1002331,5
1002333,1
1002333,2
1002335,1
1002335,2
1002335,3
1002335,4
1002337,1
1002338,1
1002338,2
1002338,3
1002338,4
1002338,5
1002338,6
1002338,7
1002339,1
1002339,2
1002339,3
1002339,4
1002342,1
1002342,2
1002342,3
1002342,4
1002342,5
1002346,1
1002346,2
1002350,1
1002350,2
1002350,3
1002350,4
1002351,1
1002351,2
1002351,3
1002351,4
1002351,5
1002351,6
1002351,7
1002353,1
1002353,2
1002356,1
1002356,2
1002356,3
1002356,4
1002356,5
1002356,6
1002356,7
1002357,1
1002358,1
1002360,1
1002360,2
1002360,3
1002360,4
1002363,1
1002363,2
1002364,1
1002364,2
1002364,3
1002364,4
1002364,5
1002365,1
1002365,2
1002365,3
1002365,4
1002365,5
1002365,6
1002365,7
1002369,1
1002369,2
1002369,3
1002369,4
1002369,5
1002369,6
1002369,7
1002374,1
1002374,2
1002374,3
1002374,4
1002374,5
1002374,6
1002374,7
1002377,1
1002377,2
1002377,3
1002377,4
1002377,5
1002377,6
1002377,7
1002380,1
1002380,2
1002380,3
1002380,4
1002380,5
1002381,1
1002382,1
1002382,2
1002382,3
1002382,4
1002382,5
1002382,6
1002382,7
1002386,1
1002386,2
1002386,3
1002389,1
1002389,2
1002389,3
1002389,4
1002389,5
1002389,6
1002391,1
1002392,1
1002392,2
1002392,3
1002392,4
1002392,5
1002392,6
1002392,7
1002397,1
1002397,2
1002398,1
1002398,2
1002398,3
1002398,4
1002398,5
1002398,6
1002398,7
1002400,1
1002402,1
1002402,2
1002402,3
1002402,4
1002402,5
1002402,6
1002402,7
1002403,1
1002403,2
1002403,3
1002403,4
1002403,5
1002404,1
1002405,1
1002406,1
1002406,2
1002406,3
1002410,1
1002410,2
1002410,3
1002410,4
1002410,5
1002411,1
1002411,2
1002411,3
1002411,4
1002411,5
1002411,6
1002413,1
1002413,2
1002413,3
1002413,4
1002416,1
1002416,2
1002416,3
1002416,4
1002418,1
1002418,2
1002418,3
1002418,4
1002418,5
1002418,6
1002418,7
1002419,1
1002419,2
1002419,3
1002419,4
1002419,5
1002419,6
1002419,7
1002420,1
1002420,2
1002422,1
1002422,2
1002422,3
1002423,1
1002423,2
1002423,3
1002423,4
1002425,1
1002425,2
1002425,3
1002425,4
1002425,5
1002425,6
1002425,7
1002426,1
1002426,2
1002426,3
1002426,4
1002426,5
1002426,6
1002426,7
1002427,1
1002427,2
1002427,3
1002427,4
1002427,5
1002427,6
1002427,7
1002428,1
1002428,2
1002428,3
1002428,4
1002428,5
1002428,6
1002428,7
1002430,1
1002430,2
1002430,3
1002430,4
1002430,5
1002432,1
1002435,1
1002435,2
1002435,3
1002435,4
1002435,5
1002436,1
1002436,2
1002436,3
1002438,1
1002438,2
1002438,3
1002438,4
1002438,5
1002438,6
1002438,7
1002439,1
1002439,2
1002439,3
1002439,4
1002439,5
1002439,6
1002439,7
1002440,1
1002440,2
1002441,1
1002441,2
1002441,3
1002441,4
1002445,1
1002446,1
1002446,2
1002446,3
1002446,4
1002446,5
1002446,6
1002447,1
1002447,2
1002448,1
1002452,1
1002452,2
1002452,3
1002452,4
1002452,5
1002452,6
1002452,7
1002456,1
1002456,2
1002456,3
1002456,4
1002456,5
1002456,6
1002456,7
1002457,1
1002457,2
1002457,3
1002457,4
1002457,5
1002457,6
1002457,7
1002459,1
1002460,1
1002460,2
1002460,3
1002460,4
1002460,5
1002460,6
1002460,7
1002461,1
1002461,2
1002461,3
1002461,4
1002461,5
1002461,6
1002461,7
1002462,1
1002462,2
1002462,3
1002462,4
1002462,5
1002462,6
1002462,7
1002464,1
1002464,2
1002465,1
1002465,2
1002465,3
1002465,4
1002465,5
1002465,6
1002465,7
1002466,1
1002466,2
1002469,1
1002469,2
1002474,1
1002474,2
1002474,3
1002474,4
1002474,5
1002474,6
1002474,7
1002476,1
1002478,1
1002478,2
1002478,3
1002479,1
1002486,1
1002486,2
1002486,3
1002486,4
1002486,5
1002486,6
1002486,7
1002489,1
1002489,2
1002489,3
1002490,1
1002491,1
1002491,2
1002495,1
1002497,1
1002497,2
1002497,3
1002497,4
1002497,5
1002497,6
1002497,7
1002498,1
1002498,2
1002498,3
1002498,4
1002498,5
1002498,6
1002498,7
1002499,1
1002499,2
1002499,3
1002499,4
1002499,5
1002499,6
