"user_id","install_date","d1_active","d3_active","d7_active","d14_active"
"1000001",2023-02-01,0,0,0,0
"1000004",2023-02-01,0,0,0,0
"1000006",2023-02-01,0,0,0,0
"1000007",2023-02-01,0,0,0,0
"1000008",2023-02-01,1,0,0,0
"1000009",2023-02-01,0,0,0,0
"1000011",2023-02-01,0,0,0,0
"1000012",2023-02-01,0,0,0,0
"1000014",2023-02-01,0,0,0,0
"1000016",2023-02-01,0,0,0,0
"1000019",2023-02-01,0,0,0,0
"1000021",2023-02-01,0,0,0,0
"1000022",2023-02-01,1,0,0,0
"1000023",2023-02-01,0,0,0,0
"1000027",2023-02-01,0,0,0,0
"1000028",2023-02-01,1,0,0,0
"1000030",2023-02-01,0,0,0,0
"1000031",2023-02-01,0,0,0,0
"1000032",2023-02-01,0,0,0,0
"1000033",2023-02-01,0,0,0,0
"1000035",2023-02-01,0,0,0,0
"1000036",2023-02-01,0,0,0,0
"1000037",2023-02-01,0,0,0,0
"1000038",2023-02-01,0,0,0,0
"1000042",2023-02-01,0,0,0,0
"1000043",2023-02-01,0,0,0,0
"1000044",2023-02-01,0,0,0,0
"1000045",2023-02-01,0,0,0,0
"1000046",2023-02-01,0,0,0,0
"1000048",2023-02-01,0,0,0,0
"1000053",2023-02-01,0,0,0,0
"1000054",2023-02-01,0,0,0,0
"1000055",2023-02-01,0,0,0,0
"1000056",2023-02-01,0,0,0,0
"1000061",2023-02-01,1,0,0,0
"1000062",2023-02-01,0,0,0,0
"1000063",2023-02-01,0,0,0,0
"1000064",2023-02-01,0,0,0,0
"1000065",2023-02-01,0,0,0,0
"1000068",2023-02-01,0,0,0,0
"1000070",2023-02-01,0,0,0,0
"1000071",2023-02-01,0,0,0,0
"1000073",2023-02-01,0,0,0,0
"1000074",2023-02-01,0,0,0,0
"1000075",2023-02-01,0,0,0,0
"1000076",2023-02-01,1,0,0,0
"1000078",2023-02-01,0,0,0,0
"1000079",2023-02-01,1,0,0,0
"1000080",2023-02-01,0,0,0,0
"1000081",2023-02-01,0,0,0,0
"1000082",2023-02-01,0,0,0,0
"1000083",2023-02-01,0,0,0,0
"1000084",2023-02-01,0,0,0,0
"1000085",2023-02-01,0,0,0,0
"1000086",2023-02-01,0,0,0,0
"1000087",2023-02-01,0,0,0,0
"1000088",2023-02-01,0,0,0,0
"1000094",2023-02-01,0,0,0,0
"1000097",2023-02-01,0,0,0,0
"1000098",2023-02-01,0,0,0,0
"1000099",2023-02-01,0,0,0,0
"1000102",2023-02-01,0,0,0,0
"1000105",2023-02-01,0,0,0,0
"1000108",2023-02-01,1,0,0,0
"1000109",2023-02-01,0,0,0,0
"1000110",2023-02-01,0,0,0,0
"1000112",2023-02-01,1,0,0,0
"1000113",2023-02-01,0,0,0,0
"1000115",2023-02-01,0,0,0,0
"1000117",2023-02-02,0,0,0,0
"1000118",2023-02-02,0,0,0,0
"1000120",2023-02-02,0,0,0,0
"1000129",2023-02-02,1,0,0,0
"1000130",2023-02-02,0,0,0,0
"1000134",2023-02-02,0,0,0,0
"1000135",2023-02-02,0,0,0,0
"1000136",2023-02-02,0,0,0,0
"1000138",2023-02-02,0,0,0,0
"1000139",2023-02-02,0,0,0,0
"1000144",2023-02-02,0,0,0,0
"1000146",2023-02-02,0,0,0,0
"1000149",2023-02-02,0,0,0,0
"1000154",2023-02-02,0,0,0,0
"1000156",2023-02-02,0,0,0,0
"1000157",2023-02-02,0,0,0,0
"1000158",2023-02-02,1,0,0,0
"1000160",2023-02-02,0,0,0,0
"1000161",2023-02-02,0,0,0,0
"1000166",2023-02-02,0,0,0,0
"1000167",2023-02-02,0,0,0,0
"1000172",2023-02-02,0,0,0,0
"1000173",2023-02-02,0,0,0,0
"1000175",2023-02-02,0,0,0,0
"1000177",2023-02-02,0,0,0,0
"1000178",2023-02-02,0,0,0,0
"1000179",2023-02-02,0,0,0,0
"1000180",2023-02-02,0,0,0,0
"1000181",2023-02-02,0,0,0,0
"1000183",2023-02-02,0,0,0,0
"1000187",2023-02-02,0,0,0,0
"1000188",2023-02-02,0,0,0,0
"1000189",2023-02-02,0,0,0,0
"1000190",2023-02-02,0,0,0,0
"1000191",2023-02-02,0,0,0,0
"1000193",2023-02-02,0,0,0,0
"1000198",2023-02-02,0,0,0,0
"1000199",2023-02-02,0,0,0,0
"1000201",2023-02-02,0,0,0,0
"1000203",2023-02-02,0,0,0,0
"1000204",2023-02-02,0,0,0,0
"1000205",2023-02-02,0,0,0,0
"1000206",2023-02-02,0,0,0,0
"1000208",2023-02-02,0,0,0,0
"1000210",2023-02-02,0,0,0,0
"1000212",2023-02-02,0,0,0,0
"1000213",2023-02-02,0,0,0,0
"1000215",2023-02-02,0,0,0,0
"1000216",2023-02-02,0,0,0,0
"1000218",2023-02-02,0,0,0,0
"1000221",2023-02-02,0,0,0,0
"1000222",2023-02-02,0,0,0,0
"1000223",2023-02-02,0,0,0,0
"1000224",2023-02-02,0,0,0,0
"1000225",2023-02-02,0,0,0,0
"1000228",2023-02-02,0,0,0,0
"1000229",2023-02-02,0,0,0,0
"1000230",2023-02-02,0,0,0,0
"1000233",2023-02-02,0,0,0,0
"1000236",2023-02-02,0,0,0,0
"1000237",2023-02-02,0,0,0,0
"1000240",2023-02-02,0,0,0,0
"1000243",2023-02-02,0,0,0,0
"1000244",2023-02-02,0,0,0,0
"1000245",2023-02-02,0,0,0,0
"1000246",2023-02-02,0,0,0,0
"1000254",2023-02-02,0,0,0,0
"1000255",2023-02-02,0,0,0,0
"1000256",2023-02-02,0,0,0,0
"1000257",2023-02-02,0,0,0,0
"1000260",2023-02-02,0,0,0,0
"1000261",2023-02-02,0,0,0,0
"1000262",2023-02-02,1,0,0,0
"1000263",2023-02-02,1,0,0,0
"1000267",2023-02-02,0,0,0,0
"1000268",2023-02-02,0,0,0,0
"1000269",2023-02-02,0,0,0,0
"1000272",2023-02-02,0,0,0,0
"1000273",2023-02-02,0,0,0,0
"1000274",2023-02-02,0,0,0,0
"1000277",2023-02-02,0,0,0,0
"1000285",2023-02-02,0,0,0,0
"1000286",2023-02-02,0,0,0,0
"1000287",2023-02-02,0,0,0,0
"1000288",2023-02-02,0,0,0,0
"1000290",2023-02-02,0,0,0,0
"1000292",2023-02-02,0,0,0,0
"1000293",2023-02-02,0,0,0,0
"1000295",2023-02-03,0,0,0,0
"1000296",2023-02-03,0,0,0,0
"1000297",2023-02-03,0,0,0,0
"1000299",2023-02-03,0,0,0,0
"1000301",2023-02-03,0,0,0,0
"1000303",2023-02-03,1,0,0,0
"1000306",2023-02-03,0,0,0,0
"1000309",2023-02-03,0,0,0,0
"1000310",2023-02-03,0,0,0,0
"1000311",2023-02-03,0,0,0,0
"1000312",2023-02-03,0,0,0,0
"1000314",2023-02-03,0,0,0,0
"1000315",2023-02-03,0,0,0,0
"1000317",2023-02-03,0,0,0,0
"1000318",2023-02-03,0,0,0,0
"1000320",2023-02-03,0,0,0,0
"1000321",2023-02-03,0,0,0,0
"1000322",2023-02-03,0,0,0,0
"1000324",2023-02-03,0,0,0,0
"1000327",2023-02-03,1,0,0,0
"1000330",2023-02-03,0,0,0,0
"1000331",2023-02-03,0,0,0,0
"1000335",2023-02-03,0,0,0,0
"1000336",2023-02-03,0,0,0,0
"1000338",2023-02-03,0,0,0,0
"1000339",2023-02-03,0,0,0,0
"1000340",2023-02-03,0,0,0,0
"1000341",2023-02-03,0,0,0,0
"1000342",2023-02-03,0,0,0,0
"1000345",2023-02-03,0,0,0,0
"1000346",2023-02-03,0,0,0,0
"1000347",2023-02-03,0,0,0,0
"1000348",2023-02-03,0,0,0,0
"1000349",2023-02-03,0,0,0,0
"1000350",2023-02-03,0,0,0,0
"1000351",2023-02-03,0,0,0,0
"1000352",2023-02-03,0,0,0,0
"1000354",2023-02-03,0,0,0,0
"1000357",2023-02-03,0,0,0,0
"1000358",2023-02-03,1,0,0,0
"1000360",2023-02-03,0,0,0,0
"1000361",2023-02-03,0,0,0,0
"1000362",2023-02-03,0,0,0,0
"1000366",2023-02-03,0,0,0,0
"1000367",2023-02-03,0,0,0,0
"1000370",2023-02-03,0,0,0,0
"1000371",2023-02-03,0,0,0,0
"1000372",2023-02-03,0,0,0,0
"1000374",2023-02-03,0,0,0,0
"1000375",2023-02-03,0,0,0,0
"1000377",2023-02-03,1,0,0,0
"1000378",2023-02-03,0,0,0,0
"1000383",2023-02-03,0,0,0,0
"1000386",2023-02-03,0,0,0,0
"1000387",2023-02-03,0,0,0,0
"1000388",2023-02-03,0,0,0,0
"1000389",2023-02-03,0,0,0,0
"1000390",2023-02-03,1,0,0,0
"1000393",2023-02-03,0,0,0,0
"1000395",2023-02-03,0,0,0,0
"1000396",2023-02-03,0,0,0,0
"1000397",2023-02-03,0,0,0,0
"1000399",2023-02-03,0,0,0,0
"1000400",2023-02-03,0,0,0,0
"1000402",2023-02-03,1,0,0,0
"1000405",2023-02-03,0,0,0,0
"1000406",2023-02-03,0,0,0,0
"1000407",2023-02-03,0,0,0,0
"1000408",2023-02-03,0,0,0,0
"1000409",2023-02-03,0,0,0,0
"1000410",2023-02-03,0,0,0,0
"1000411",2023-02-03,0,0,0,0
"1000414",2023-02-03,1,0,0,0
"1000415",2023-02-03,0,0,0,0
"1000421",2023-02-03,0,0,0,0
"1000426",2023-02-03,1,0,0,0
"1000428",2023-02-03,1,0,0,0
"1000432",2023-02-03,0,0,0,0
"1000433",2023-02-03,0,0,0,0
"1000435",2023-02-03,0,0,0,0
"1000436",2023-02-03,0,0,0,0
"1000437",2023-02-03,1,0,0,0
"1000440",2023-02-03,0,0,0,0
"1000441",2023-02-03,0,0,0,0
"1000442",2023-02-03,0,0,0,0
"1000444",2023-02-03,1,0,0,0
"1000447",2023-02-03,0,0,0,0
"1000449",2023-02-03,1,0,0,0
"1000450",2023-02-03,0,0,0,0
"1000451",2023-02-03,0,0,0,0
"1000452",2023-02-03,0,0,0,0
"1000455",2023-02-03,0,0,0,0
"1000457",2023-02-03,0,0,0,0
"1000458",2023-02-03,0,0,0,0
"1000460",2023-02-03,1,0,0,0
"1000462",2023-02-03,0,0,0,0
"1000464",2023-02-03,1,0,0,0
"1000465",2023-02-03,0,0,0,0
"1000468",2023-02-03,0,0,0,0
"1000469",2023-02-03,1,0,0,0
"1000473",2023-02-04,0,0,0,0
"1000476",2023-02-04,0,0,0,0
"1000478",2023-02-04,0,0,0,0
"1000479",2023-02-04,1,0,0,0
"1000480",2023-02-04,1,0,0,0
"1000483",2023-02-04,0,0,0,0
"1000486",2023-02-04,0,0,0,0
"1000487",2023-02-04,0,0,0,0
"1000488",2023-02-04,0,0,0,0
"1000489",2023-02-04,0,0,0,0
"1000490",2023-02-04,0,0,0,0
"1000491",2023-02-04,0,0,0,0
"1000498",2023-02-04,0,0,0,0
"1000499",2023-02-04,0,0,0,0
"1000501",2023-02-04,0,0,0,0
"1000504",2023-02-04,0,0,0,0
"1000506",2023-02-04,0,0,0,0
"1000507",2023-02-04,0,0,0,0
"1000509",2023-02-04,0,0,0,0
"1000515",2023-02-04,0,0,0,0
"1000517",2023-02-04,0,0,0,0
"1000520",2023-02-04,0,0,0,0
"1000521",2023-02-04,0,0,0,0
"1000523",2023-02-04,0,0,0,0
"1000527",2023-02-04,0,0,0,0
"1000528",2023-02-04,0,0,0,0
"1000537",2023-02-04,0,0,0,0
"1000538",2023-02-04,0,0,0,0
"1000540",2023-02-04,0,0,0,0
"1000542",2023-02-04,0,0,0,0
"1000546",2023-02-04,0,0,0,0
"1000548",2023-02-04,0,0,0,0
"1000549",2023-02-04,0,0,0,0
"1000551",2023-02-04,0,0,0,0
"1000554",2023-02-04,0,0,0,0
"1000555",2023-02-04,0,0,0,0
"1000556",2023-02-04,0,0,0,0
"1000557",2023-02-04,0,0,0,0
"1000558",2023-02-04,0,0,0,0
"1000561",2023-02-04,0,0,0,0
"1000562",2023-02-04,0,0,0,0
"1000563",2023-02-04,0,0,0,0
"1000564",2023-02-04,0,0,0,0
"1000574",2023-02-04,0,0,0,0
"1000575",2023-02-04,0,0,0,0
"1000576",2023-02-04,0,0,0,0
"1000577",2023-02-04,1,0,0,0
"1000578",2023-02-04,0,0,0,0
"1000579",2023-02-04,0,0,0,0
"1000581",2023-02-04,0,0,0,0
"1000582",2023-02-04,0,0,0,0
"1000584",2023-02-04,0,0,0,0
"1000585",2023-02-04,0,0,0,0
"1000587",2023-02-04,0,0,0,0
"1000589",2023-02-04,0,0,0,0
"1000594",2023-02-04,0,0,0,0
"1000595",2023-02-04,1,0,0,0
"1000596",2023-02-04,0,0,0,0
"1000598",2023-02-04,0,0,0,0
"1000600",2023-02-04,0,0,0,0
"1000601",2023-02-04,0,0,0,0
"1000602",2023-02-04,0,0,0,0
"1000603",2023-02-04,0,0,0,0
"1000604",2023-02-04,0,0,0,0
"1000608",2023-02-04,0,0,0,0
"1000609",2023-02-04,0,0,0,0
"1000610",2023-02-04,0,0,0,0
"1000611",2023-02-04,0,0,0,0
"1000612",2023-02-04,0,0,0,0
"1000616",2023-02-04,0,0,0,0
"1000617",2023-02-04,0,0,0,0
"1000619",2023-02-04,0,0,0,0
"1000620",2023-02-04,0,0,0,0
"1000622",2023-02-04,0,0,0,0
"1000623",2023-02-04,0,0,0,0
"1000624",2023-02-04,0,0,0,0
"1000625",2023-02-04,0,0,0,0
"1000626",2023-02-04,0,0,0,0
"1000627",2023-02-04,0,0,0,0
"1000629",2023-02-04,1,0,0,0
"1000632",2023-02-04,0,0,0,0
"1000633",2023-02-04,0,0,0,0
"1000635",2023-02-04,0,0,0,0
"1000636",2023-02-04,0,0,0,0
"1000637",2023-02-04,0,0,0,0
"1000638",2023-02-04,0,0,0,0
"1000643",2023-02-04,0,0,0,0
"1000644",2023-02-04,1,0,0,0
"1000648",2023-02-05,0,0,0,0
"1000649",2023-02-05,0,0,0,0
"1000650",2023-02-05,0,0,0,0
"1000651",2023-02-05,0,0,0,0
"1000652",2023-02-05,0,0,0,0
"1000654",2023-02-05,0,0,0,0
"1000655",2023-02-05,0,0,0,0
"1000657",2023-02-05,0,0,0,0
"1000659",2023-02-05,0,0,0,0
"1000660",2023-02-05,0,0,0,0
"1000662",2023-02-05,0,0,0,0
"1000663",2023-02-05,0,0,0,0
"1000664",2023-02-05,0,0,0,0
"1000665",2023-02-05,0,0,0,0
"1000666",2023-02-05,0,0,0,0
"1000670",2023-02-05,0,0,0,0
"1000671",2023-02-05,1,0,0,0
"1000672",2023-02-05,0,0,0,0
"1000674",2023-02-05,0,0,0,0
"1000675",2023-02-05,0,0,0,0
"1000677",2023-02-05,0,0,0,0
"1000678",2023-02-05,0,0,0,0
"1000680",2023-02-05,0,0,0,0
"1000683",2023-02-05,0,0,0,0
"1000684",2023-02-05,0,0,0,0
"1000686",2023-02-05,0,0,0,0
"1000687",2023-02-05,1,0,0,0
"1000688",2023-02-05,0,0,0,0
"1000689",2023-02-05,0,0,0,0
"1000690",2023-02-05,1,0,0,0
"1000692",2023-02-05,0,0,0,0
"1000693",2023-02-05,0,0,0,0
"1000694",2023-02-05,0,0,0,0
"1000699",2023-02-05,1,0,0,0
"1000700",2023-02-05,0,0,0,0
"1000702",2023-02-05,0,0,0,0
"1000703",2023-02-05,0,0,0,0
"1000704",2023-02-05,0,0,0,0
"1000706",2023-02-05,0,0,0,0
"1000710",2023-02-05,0,0,0,0
"1000711",2023-02-05,0,0,0,0
"1000712",2023-02-05,1,0,0,0
"1000713",2023-02-05,0,0,0,0
"1000714",2023-02-05,0,0,0,0
"1000716",2023-02-05,0,0,0,0
"1000717",2023-02-05,0,0,0,0
"1000718",2023-02-05,0,0,0,0
"1000719",2023-02-05,0,0,0,0
"1000723",2023-02-05,0,0,0,0
"1000724",2023-02-05,0,0,0,0
"1000727",2023-02-05,1,0,0,0
"1000729",2023-02-05,0,0,0,0
"1000732",2023-02-05,0,0,0,0
"1000734",2023-02-05,0,0,0,0
"1000738",2023-02-05,0,0,0,0
"1000740",2023-02-05,0,0,0,0
"1000741",2023-02-05,0,0,0,0
"1000742",2023-02-05,0,0,0,0
"1000743",2023-02-05,0,0,0,0
"1000744",2023-02-05,0,0,0,0
"1000745",2023-02-05,0,0,0,0
"1000746",2023-02-05,0,0,0,0
"1000747",2023-02-05,0,0,0,0
"1000748",2023-02-05,0,0,0,0
"1000749",2023-02-05,0,0,0,0
"1000750",2023-02-05,0,0,0,0
"1000751",2023-02-05,0,0,0,0
"1000752",2023-02-05,0,0,0,0
"1000754",2023-02-05,0,0,0,0
"1000755",2023-02-05,0,0,0,0
"1000757",2023-02-05,0,0,0,0
"1000758",2023-02-05,0,0,0,0
"1000761",2023-02-05,0,0,0,0
"1000762",2023-02-05,0,0,0,0
"1000764",2023-02-05,0,0,0,0
"1000765",2023-02-05,0,0,0,0
"1000766",2023-02-05,0,0,0,0
"1000770",2023-02-05,0,0,0,0
"1000772",2023-02-05,0,0,0,0
"1000773",2023-02-05,0,0,0,0
"1000775",2023-02-05,0,0,0,0
"1000776",2023-02-05,0,0,0,0
"1000777",2023-02-05,0,0,0,0
"1000778",2023-02-05,1,0,0,0
"1000782",2023-02-05,0,0,0,0
"1000783",2023-02-05,0,0,0,0
"1000787",2023-02-05,0,0,0,0
"1000788",2023-02-05,0,0,0,0
"1000790",2023-02-05,0,0,0,0
"1000793",2023-02-05,0,0,0,0
"1000799",2023-02-05,0,0,0,0
"1000800",2023-02-05,1,0,0,0
"1000801",2023-02-05,0,0,0,0
"1000803",2023-02-05,0,0,0,0
"1000810",2023-02-05,0,0,0,0
"1000812",2023-02-05,0,0,0,0
"1000813",2023-02-05,0,0,0,0
"1000814",2023-02-05,0,0,0,0
"1000816",2023-02-06,0,0,0,0
"1000817",2023-02-06,0,0,0,0
"1000819",2023-02-06,0,0,0,0
"1000823",2023-02-06,0,0,0,0
"1000825",2023-02-06,0,0,0,0
"1000826",2023-02-06,0,0,0,0
"1000828",2023-02-06,0,0,0,0
"1000829",2023-02-06,0,0,0,0
"1000834",2023-02-06,0,0,0,0
"1000835",2023-02-06,0,0,0,0
"1000837",2023-02-06,0,0,0,0
"1000838",2023-02-06,0,0,0,0
"1000841",2023-02-06,0,0,0,0
"1000842",2023-02-06,0,0,0,0
"1000846",2023-02-06,0,0,0,0
"1000848",2023-02-06,0,0,0,0
"1000849",2023-02-06,1,0,0,0
"1000850",2023-02-06,0,0,0,0
"1000852",2023-02-06,0,0,0,0
"1000853",2023-02-06,0,0,0,0
"1000857",2023-02-06,0,0,0,0
"1000858",2023-02-06,1,0,0,0
"1000859",2023-02-06,0,0,0,0
"1000860",2023-02-06,0,0,0,0
"1000861",2023-02-06,0,0,0,0
"1000862",2023-02-06,0,0,0,0
"1000863",2023-02-06,0,0,0,0
"1000865",2023-02-06,0,0,0,0
"1000866",2023-02-06,0,0,0,0
"1000873",2023-02-06,0,0,0,0
"1000874",2023-02-06,0,0,0,0
"1000878",2023-02-06,1,0,0,0
"1000879",2023-02-06,0,0,0,0
"1000880",2023-02-06,0,0,0,0
"1000881",2023-02-06,0,0,0,0
"1000882",2023-02-06,0,0,0,0
"1000883",2023-02-06,0,0,0,0
"1000884",2023-02-06,0,0,0,0
"1000885",2023-02-06,0,0,0,0
"1000889",2023-02-06,0,0,0,0
"1000890",2023-02-06,0,0,0,0
"1000894",2023-02-06,0,0,0,0
"1000895",2023-02-06,0,0,0,0
"1000897",2023-02-06,0,0,0,0
"1000901",2023-02-06,0,0,0,0
"1000902",2023-02-06,0,0,0,0
"1000904",2023-02-06,0,0,0,0
"1000905",2023-02-06,0,0,0,0
"1000907",2023-02-06,0,0,0,0
"1000908",2023-02-06,0,0,0,0
"1000914",2023-02-06,0,0,0,0
"1000915",2023-02-06,0,0,0,0
"1000916",2023-02-06,0,0,0,0
"1000918",2023-02-06,0,0,0,0
"1000919",2023-02-06,0,0,0,0
"1000922",2023-02-06,0,0,0,0
"1000923",2023-02-06,0,0,0,0
"1000924",2023-02-06,0,0,0,0
"1000925",2023-02-06,0,0,0,0
"1000927",2023-02-06,0,0,0,0
"1000931",2023-02-06,0,0,0,0
"1000932",2023-02-06,0,0,0,0
"1000933",2023-02-06,0,0,0,0
"1000934",2023-02-06,0,0,0,0
"1000935",2023-02-06,0,0,0,0
"1000936",2023-02-06,0,0,0,0
"1000937",2023-02-06,0,0,0,0
"1000938",2023-02-06,0,0,0,0
"1000939",2023-02-06,0,0,0,0
"1000942",2023-02-06,0,0,0,0
"1000943",2023-02-06,1,0,0,0
"1000945",2023-02-06,0,0,0,0
"1000946",2023-02-06,0,0,0,0
"1000949",2023-02-06,0,0,0,0
"1000950",2023-02-06,1,0,0,0
"1000953",2023-02-06,0,0,0,0
"1000954",2023-02-06,0,0,0,0
"1000956",2023-02-06,0,0,0,0
"1000957",2023-02-06,0,0,0,0
"1000959",2023-02-06,0,0,0,0
"1000961",2023-02-06,0,0,0,0
"1000963",2023-02-06,0,0,0,0
"1000966",2023-02-06,0,0,0,0
"1000967",2023-02-06,0,0,0,0
"1000968",2023-02-06,1,0,0,0
"1000970",2023-02-06,0,0,0,0
"1000971",2023-02-06,0,0,0,0
"1000972",2023-02-06,0,0,0,0
"1000973",2023-02-06,0,0,0,0
"1000974",2023-02-06,0,0,0,0
"1000975",2023-02-06,0,0,0,0
"1000977",2023-02-06,0,0,0,0
"1000980",2023-02-06,0,0,0,0
"1000983",2023-02-06,0,0,0,0
"1000984",2023-02-06,0,0,0,0
"1000987",2023-02-07,0,0,0,0
"1000988",2023-02-07,1,0,0,0
"1000989",2023-02-07,0,0,0,0
"1000990",2023-02-07,0,0,0,0
"1000991",2023-02-07,0,0,0,0
"1000995",2023-02-07,0,0,0,0
"1000996",2023-02-07,0,0,0,0
"1001001",2023-02-07,0,0,0,0
"1001002",2023-02-07,0,0,0,0
"1001003",2023-02-07,0,0,0,0
"1001005",2023-02-07,0,0,0,0
"1001009",2023-02-07,0,0,0,0
"1001011",2023-02-07,0,0,0,0
"1001015",2023-02-07,1,0,0,0
"1001017",2023-02-07,0,0,0,0
"1001020",2023-02-07,0,0,0,0
"1001021",2023-02-07,0,0,0,0
"1001022",2023-02-07,0,0,0,0
"1001024",2023-02-07,0,0,0,0
"1001025",2023-02-07,0,0,0,0
"1001026",2023-02-07,0,0,0,0
"1001027",2023-02-07,0,0,0,0
"1001032",2023-02-07,0,0,0,0
"1001033",2023-02-07,0,0,0,0
"1001034",2023-02-07,1,0,0,0
"1001037",2023-02-07,0,0,0,0
"1001038",2023-02-07,0,0,0,0
"1001039",2023-02-07,0,0,0,0
"1001040",2023-02-07,0,0,0,0
"1001044",2023-02-07,0,0,0,0
"1001045",2023-02-07,0,0,0,0
"1001047",2023-02-07,0,0,0,0
"1001054",2023-02-07,0,0,0,0
"1001055",2023-02-07,0,0,0,0
"1001057",2023-02-07,0,0,0,0
"1001058",2023-02-07,0,0,0,0
"1001067",2023-02-07,0,0,0,0
"1001071",2023-02-07,0,0,0,0
"1001072",2023-02-07,0,0,0,0
"1001073",2023-02-07,0,0,0,0
"1001074",2023-02-07,0,0,0,0
"1001077",2023-02-07,0,0,0,0
"1001080",2023-02-07,0,0,0,0
"1001081",2023-02-07,0,0,0,0
"1001082",2023-02-07,0,0,0,0
"1001084",2023-02-07,0,0,0,0
"1001085",2023-02-07,0,0,0,0
"1001087",2023-02-07,0,0,0,0
"1001089",2023-02-07,0,0,0,0
"1001092",2023-02-07,0,0,0,0
"1001093",2023-02-07,0,0,0,0
"1001099",2023-02-07,0,0,0,0
"1001100",2023-02-07,1,0,0,0
"1001101",2023-02-07,0,0,0,0
"1001102",2023-02-07,0,0,0,0
"1001104",2023-02-07,0,0,0,0
"1001105",2023-02-07,1,0,0,0
"1001106",2023-02-07,0,0,0,0
"1001107",2023-02-07,0,0,0,0
"1001108",2023-02-07,0,0,0,0
"1001109",2023-02-07,0,0,0,0
"1001111",2023-02-07,0,0,0,0
"1001113",2023-02-07,0,0,0,0
"1001115",2023-02-07,0,0,0,0
"1001116",2023-02-07,1,0,0,0
"1001117",2023-02-07,0,0,0,0
"1001118",2023-02-07,0,0,0,0
"1001119",2023-02-07,0,0,0,0
"1001121",2023-02-07,0,0,0,0
"1001122",2023-02-07,0,0,0,0
"1001123",2023-02-07,0,0,0,0
"1001124",2023-02-07,0,0,0,0
"1001125",2023-02-07,0,0,0,0
"1001127",2023-02-07,0,0,0,0
"1001131",2023-02-07,0,0,0,0
"1001132",2023-02-07,0,0,0,0
"1001133",2023-02-07,1,0,0,0
"1001134",2023-02-07,0,0,0,0
"1001135",2023-02-07,0,0,0,0
"1001136",2023-02-07,0,0,0,0
"1001138",2023-02-07,1,0,0,0
"1001139",2023-02-07,0,0,0,0
"1001141",2023-02-07,0,0,0,0
"1001142",2023-02-07,0,0,0,0
"1001144",2023-02-07,0,0,0,0
"1001145",2023-02-07,0,0,0,0
"1001146",2023-02-07,0,0,0,0
"1001147",2023-02-07,0,0,0,0
"1001149",2023-02-07,0,0,0,0
"1001151",2023-02-07,0,0,0,0
"1001152",2023-02-07,0,0,0,0
"1001153",2023-02-07,0,0,0,0
"1001154",2023-02-07,0,0,0,0
"1001156",2023-02-07,0,0,0,0
"1001158",2023-02-07,0,0,0,0
"1001159",2023-02-07,1,0,0,0
"1001160",2023-02-07,0,0,0,0
"1001161",2023-02-07,1,0,0,0
"1001162",2023-02-07,0,0,0,0
"1001167",2023-02-08,0,0,0,0
"1001171",2023-02-08,0,0,0,0
"1001172",2023-02-08,0,0,0,0
"1001177",2023-02-08,0,0,0,0
"1001178",2023-02-08,0,0,0,0
"1001179",2023-02-08,0,0,0,0
"1001183",2023-02-08,0,0,0,0
"1001186",2023-02-08,0,0,0,0
"1001187",2023-02-08,0,0,0,0
"1001188",2023-02-08,0,0,0,0
"1001189",2023-02-08,0,0,0,0
"1001190",2023-02-08,1,0,0,0
"1001191",2023-02-08,1,0,0,0
"1001193",2023-02-08,0,0,0,0
"1001194",2023-02-08,0,0,0,0
"1001195",2023-02-08,0,0,0,0
"1001197",2023-02-08,0,0,0,0
"1001199",2023-02-08,0,0,0,0
"1001200",2023-02-08,0,0,0,0
"1001201",2023-02-08,0,0,0,0
"1001203",2023-02-08,0,0,0,0
"1001205",2023-02-08,0,0,0,0
"1001207",2023-02-08,0,0,0,0
"1001209",2023-02-08,1,0,0,0
"1001211",2023-02-08,0,0,0,0
"1001213",2023-02-08,1,0,0,0
"1001215",2023-02-08,0,0,0,0
"1001220",2023-02-08,0,0,0,0
"1001221",2023-02-08,0,0,0,0
"1001223",2023-02-08,0,0,0,0
"1001224",2023-02-08,0,0,0,0
"1001225",2023-02-08,0,0,0,0
"1001226",2023-02-08,0,0,0,0
"1001230",2023-02-08,0,0,0,0
"1001232",2023-02-08,0,0,0,0
"1001233",2023-02-08,0,0,0,0
"1001234",2023-02-08,0,0,0,0
"1001235",2023-02-08,0,0,0,0
"1001236",2023-02-08,1,0,0,0
"1001239",2023-02-08,0,0,0,0
"1001243",2023-02-08,0,0,0,0
"1001244",2023-02-08,0,0,0,0
"1001245",2023-02-08,0,0,0,0
"1001247",2023-02-08,0,0,0,0
"1001248",2023-02-08,0,0,0,0
"1001250",2023-02-08,1,0,0,0
"1001251",2023-02-08,1,0,0,0
"1001253",2023-02-08,1,0,0,0
"1001254",2023-02-08,0,0,0,0
"1001257",2023-02-08,0,0,0,0
"1001258",2023-02-08,0,0,0,0
"1001259",2023-02-08,0,0,0,0
"1001261",2023-02-08,1,0,0,0
"1001262",2023-02-08,0,0,0,0
"1001263",2023-02-08,0,0,0,0
"1001264",2023-02-08,0,0,0,0
"1001266",2023-02-08,0,0,0,0
"1001269",2023-02-08,0,0,0,0
"1001270",2023-02-08,0,0,0,0
"1001272",2023-02-08,0,0,0,0
"1001273",2023-02-08,0,0,0,0
"1001274",2023-02-08,0,0,0,0
"1001275",2023-02-08,0,0,0,0
"1001276",2023-02-08,0,0,0,0
"1001277",2023-02-08,0,0,0,0
"1001281",2023-02-08,0,0,0,0
"1001284",2023-02-08,0,0,0,0
"1001285",2023-02-08,0,0,0,0
"1001287",2023-02-08,0,0,0,0
"1001289",2023-02-08,0,0,0,0
"1001290",2023-02-08,0,0,0,0
"1001291",2023-02-08,0,0,0,0
"1001292",2023-02-08,0,0,0,0
"1001293",2023-02-08,0,0,0,0
"1001294",2023-02-08,0,0,0,0
"1001298",2023-02-08,0,0,0,0
"1001299",2023-02-08,0,0,0,0
"1001300",2023-02-08,0,0,0,0
"1001301",2023-02-08,0,0,0,0
"1001302",2023-02-08,1,0,0,0
"1001303",2023-02-08,0,0,0,0
"1001304",2023-02-08,0,0,0,0
"1001305",2023-02-08,1,0,0,0
"1001306",2023-02-08,0,0,0,0
"1001308",2023-02-08,0,0,0,0
"1001309",2023-02-08,0,0,0,0
"1001311",2023-02-08,1,0,0,0
"1001313",2023-02-08,0,0,0,0
"1001314",2023-02-08,0,0,0,0
"1001315",2023-02-08,0,0,0,0
"1001316",2023-02-08,0,0,0,0
"1001317",2023-02-08,0,0,0,0
"1001322",2023-02-08,0,0,0,0
"1001323",2023-02-08,0,0,0,0
"1001326",2023-02-08,0,0,0,0
"1001328",2023-02-08,0,0,0,0
"1001330",2023-02-08,0,0,0,0
"1001331",2023-02-08,1,0,0,0
"1001333",2023-02-09,0,0,0,0
"1001335",2023-02-09,0,0,0,0
"1001339",2023-02-09,0,0,0,0
"1001342",2023-02-09,0,0,0,0
"1001343",2023-02-09,0,0,0,0
"1001344",2023-02-09,0,0,0,0
"1001345",2023-02-09,0,0,0,0
"1001346",2023-02-09,0,0,0,0
"1001347",2023-02-09,1,0,0,0
"1001350",2023-02-09,0,0,0,0
"1001351",2023-02-09,0,0,0,0
"1001352",2023-02-09,0,0,0,0
"1001354",2023-02-09,0,0,0,0
"1001355",2023-02-09,0,0,0,0
"1001357",2023-02-09,0,0,0,0
"1001358",2023-02-09,0,0,0,0
"1001360",2023-02-09,0,0,0,0
"1001361",2023-02-09,1,0,0,0
"1001362",2023-02-09,0,0,0,0
"1001364",2023-02-09,0,0,0,0
"1001367",2023-02-09,0,0,0,0
"1001368",2023-02-09,0,0,0,0
"1001371",2023-02-09,0,0,0,0
"1001372",2023-02-09,0,0,0,0
"1001373",2023-02-09,0,0,0,0
"1001374",2023-02-09,0,0,0,0
"1001375",2023-02-09,0,0,0,0
"1001376",2023-02-09,0,0,0,0
"1001378",2023-02-09,0,0,0,0
"1001379",2023-02-09,0,0,0,0
"1001381",2023-02-09,0,0,0,0
"1001382",2023-02-09,0,0,0,0
"1001385",2023-02-09,0,0,0,0
"1001386",2023-02-09,1,0,0,0
"1001389",2023-02-09,0,0,0,0
"1001391",2023-02-09,0,0,0,0
"1001394",2023-02-09,0,0,0,0
"1001396",2023-02-09,0,0,0,0
"1001397",2023-02-09,0,0,0,0
"1001398",2023-02-09,0,0,0,0
"1001399",2023-02-09,0,0,0,0
"1001400",2023-02-09,0,0,0,0
"1001401",2023-02-09,0,0,0,0
"1001404",2023-02-09,0,0,0,0
"1001407",2023-02-09,0,0,0,0
"1001409",2023-02-09,0,0,0,0
"1001412",2023-02-09,0,0,0,0
"1001415",2023-02-09,0,0,0,0
"1001417",2023-02-09,0,0,0,0
"1001421",2023-02-09,0,0,0,0
"1001424",2023-02-09,0,0,0,0
"1001425",2023-02-09,0,0,0,0
"1001426",2023-02-09,0,0,0,0
"1001427",2023-02-09,0,0,0,0
"1001430",2023-02-09,0,0,0,0
"1001433",2023-02-09,0,0,0,0
"1001434",2023-02-09,0,0,0,0
"1001435",2023-02-09,0,0,0,0
"1001436",2023-02-09,0,0,0,0
"1001439",2023-02-09,0,0,0,0
"1001441",2023-02-09,0,0,0,0
"1001442",2023-02-09,0,0,0,0
"1001444",2023-02-09,0,0,0,0
"1001445",2023-02-09,0,0,0,0
"1001447",2023-02-09,0,0,0,0
"1001448",2023-02-09,0,0,0,0
"1001449",2023-02-09,0,0,0,0
"1001453",2023-02-09,0,0,0,0
"1001454",2023-02-09,0,0,0,0
"1001455",2023-02-09,0,0,0,0
"1001457",2023-02-09,0,0,0,0
"1001458",2023-02-09,0,0,0,0
"1001459",2023-02-09,0,0,0,0
"1001460",2023-02-09,1,0,0,0
"1001461",2023-02-09,0,0,0,0
"1001462",2023-02-09,0,0,0,0
"1001463",2023-02-09,0,0,0,0
"1001464",2023-02-09,0,0,0,0
"1001466",2023-02-09,0,0,0,0
"1001467",2023-02-09,0,0,0,0
"1001469",2023-02-09,1,0,0,0
"1001471",2023-02-09,0,0,0,0
"1001472",2023-02-09,0,0,0,0
"1001475",2023-02-09,0,0,0,0
"1001476",2023-02-09,0,0,0,0
"1001478",2023-02-09,0,0,0,0
"1001482",2023-02-09,0,0,0,0
"1001483",2023-02-09,0,0,0,0
"1001485",2023-02-09,0,0,0,0
"1001486",2023-02-09,0,0,0,0
"1001487",2023-02-09,0,0,0,0
"1001488",2023-02-09,0,0,0,0
"1001489",2023-02-09,0,0,0,0
"1001490",2023-02-09,0,0,0,0
"1001491",2023-02-09,0,0,0,0
"1001496",2023-02-09,0,0,0,0
"1001498",2023-02-09,0,0,0,0
"1001501",2023-02-09,1,0,0,0
"1001502",2023-02-10,0,0,0,0
"1001503",2023-02-10,0,0,0,0
"1001505",2023-02-10,0,0,0,0
"1001506",2023-02-10,0,0,0,0
"1001509",2023-02-10,0,0,0,0
"1001510",2023-02-10,1,0,0,0
"1001511",2023-02-10,0,0,0,0
"1001513",2023-02-10,0,0,0,0
"1001514",2023-02-10,0,0,0,0
"1001515",2023-02-10,0,0,0,0
"1001516",2023-02-10,0,0,0,0
"1001518",2023-02-10,1,0,0,0
"1001519",2023-02-10,0,0,0,0
"1001520",2023-02-10,0,0,0,0
"1001521",2023-02-10,0,0,0,0
"1001522",2023-02-10,0,0,0,0
"1001523",2023-02-10,0,0,0,0
"1001524",2023-02-10,0,0,0,0
"1001525",2023-02-10,0,0,0,0
"1001526",2023-02-10,0,0,0,0
"1001528",2023-02-10,0,0,0,0
"1001535",2023-02-10,0,0,0,0
"1001536",2023-02-10,0,0,0,0
"1001537",2023-02-10,0,0,0,0
"1001539",2023-02-10,0,0,0,0
"1001540",2023-02-10,0,0,0,0
"1001541",2023-02-10,0,0,0,0
"1001544",2023-02-10,0,0,0,0
"1001545",2023-02-10,0,0,0,0
"1001546",2023-02-10,0,0,0,0
"1001548",2023-02-10,0,0,0,0
"1001549",2023-02-10,0,0,0,0
"1001555",2023-02-10,0,0,0,0
"1001558",2023-02-10,1,0,0,0
"1001559",2023-02-10,0,0,0,0
"1001560",2023-02-10,0,0,0,0
"1001563",2023-02-10,0,0,0,0
"1001565",2023-02-10,0,0,0,0
"1001566",2023-02-10,0,0,0,0
"1001567",2023-02-10,0,0,0,0
"1001568",2023-02-10,0,0,0,0
"1001569",2023-02-10,0,0,0,0
"1001572",2023-02-10,0,0,0,0
"1001574",2023-02-10,0,0,0,0
"1001577",2023-02-10,0,0,0,0
"1001578",2023-02-10,0,0,0,0
"1001579",2023-02-10,0,0,0,0
"1001581",2023-02-10,0,0,0,0
"1001582",2023-02-10,1,0,0,0
"1001583",2023-02-10,0,0,0,0
"1001585",2023-02-10,0,0,0,0
"1001586",2023-02-10,0,0,0,0
"1001587",2023-02-10,0,0,0,0
"1001589",2023-02-10,0,0,0,0
"1001590",2023-02-10,0,0,0,0
"1001591",2023-02-10,0,0,0,0
"1001592",2023-02-10,0,0,0,0
"1001594",2023-02-10,0,0,0,0
"1001596",2023-02-10,1,0,0,0
"1001600",2023-02-10,0,0,0,0
"1001607",2023-02-10,0,0,0,0
"1001608",2023-02-10,0,0,0,0
"1001609",2023-02-10,0,0,0,0
"1001610",2023-02-10,0,0,0,0
"1001611",2023-02-10,1,0,0,0
"1001613",2023-02-10,1,0,0,0
"1001615",2023-02-10,0,0,0,0
"1001617",2023-02-10,0,0,0,0
"1001619",2023-02-10,0,0,0,0
"1001621",2023-02-10,0,0,0,0
"1001622",2023-02-10,0,0,0,0
"1001623",2023-02-10,0,0,0,0
"1001624",2023-02-10,0,0,0,0
"1001627",2023-02-10,0,0,0,0
"1001628",2023-02-10,0,0,0,0
"1001629",2023-02-10,0,0,0,0
"1001633",2023-02-10,0,0,0,0
"1001635",2023-02-10,0,0,0,0
"1001636",2023-02-10,0,0,0,0
"1001639",2023-02-10,0,0,0,0
"1001640",2023-02-10,1,0,0,0
"1001642",2023-02-10,0,0,0,0
"1001645",2023-02-10,0,0,0,0
"1001647",2023-02-10,0,0,0,0
"1001649",2023-02-10,0,0,0,0
"1001651",2023-02-10,0,0,0,0
"1001652",2023-02-10,0,0,0,0
"1001653",2023-02-10,0,0,0,0
"1001656",2023-02-10,0,0,0,0
"1001661",2023-02-10,0,0,0,0
"1001664",2023-02-10,0,0,0,0
"1001665",2023-02-10,1,0,0,0
"1001667",2023-02-10,0,0,0,0
"1001668",2023-02-10,0,0,0,0
"1001669",2023-02-10,0,0,0,0
"1001670",2023-02-10,0,0,0,0
"1001672",2023-02-10,0,0,0,0
"1001673",2023-02-10,1,0,0,0
"1001674",2023-02-10,0,0,0,0
"1001675",2023-02-10,0,0,0,0
"1001677",2023-02-10,0,0,0,0
"1001679",2023-02-10,1,0,0,0
"1001683",2023-02-11,0,0,0,0
"1001684",2023-02-11,0,0,0,0
"1001686",2023-02-11,0,0,0,0
"1001688",2023-02-11,0,0,0,0
"1001690",2023-02-11,0,0,0,0
"1001692",2023-02-11,0,0,0,0
"1001693",2023-02-11,0,0,0,0
"1001695",2023-02-11,0,0,0,0
"1001696",2023-02-11,0,0,0,0
"1001697",2023-02-11,0,0,0,0
"1001699",2023-02-11,0,0,0,0
"1001701",2023-02-11,0,0,0,0
"1001702",2023-02-11,0,0,0,0
"1001705",2023-02-11,0,0,0,0
"1001707",2023-02-11,0,0,0,0
"1001710",2023-02-11,1,0,0,0
"1001711",2023-02-11,0,0,0,0
"1001712",2023-02-11,0,0,0,0
"1001714",2023-02-11,0,0,0,0
"1001719",2023-02-11,0,0,0,0
"1001721",2023-02-11,0,0,0,0
"1001722",2023-02-11,0,0,0,0
"1001724",2023-02-11,0,0,0,0
"1001725",2023-02-11,0,0,0,0
"1001726",2023-02-11,1,0,0,0
"1001727",2023-02-11,0,0,0,0
"1001728",2023-02-11,0,0,0,0
"1001736",2023-02-11,0,0,0,0
"1001739",2023-02-11,0,0,0,0
"1001743",2023-02-11,0,0,0,0
"1001745",2023-02-11,0,0,0,0
"1001746",2023-02-11,1,0,0,0
"1001748",2023-02-11,0,0,0,0
"1001749",2023-02-11,0,0,0,0
"1001751",2023-02-11,0,0,0,0
"1001756",2023-02-11,0,0,0,0
"1001757",2023-02-11,1,0,0,0
"1001758",2023-02-11,0,0,0,0
"1001759",2023-02-11,0,0,0,0
"1001760",2023-02-11,0,0,0,0
"1001762",2023-02-11,0,0,0,0
"1001763",2023-02-11,0,0,0,0
"1001764",2023-02-11,0,0,0,0
"1001765",2023-02-11,0,0,0,0
"1001766",2023-02-11,0,0,0,0
"1001768",2023-02-11,0,0,0,0
"1001769",2023-02-11,0,0,0,0
"1001770",2023-02-11,0,0,0,0
"1001773",2023-02-11,0,0,0,0
"1001774",2023-02-11,0,0,0,0
"1001775",2023-02-11,1,0,0,0
"1001776",2023-02-11,0,0,0,0
"1001778",2023-02-11,0,0,0,0
"1001780",2023-02-11,0,0,0,0
"1001781",2023-02-11,0,0,0,0
"1001782",2023-02-11,0,0,0,0
"1001783",2023-02-11,0,0,0,0
"1001786",2023-02-11,0,0,0,0
"1001787",2023-02-11,0,0,0,0
"1001789",2023-02-11,0,0,0,0
"1001790",2023-02-11,0,0,0,0
"1001793",2023-02-11,1,0,0,0
"1001794",2023-02-11,0,0,0,0
"1001795",2023-02-11,0,0,0,0
"1001797",2023-02-11,0,0,0,0
"1001799",2023-02-11,0,0,0,0
"1001803",2023-02-11,0,0,0,0
"1001804",2023-02-11,0,0,0,0
"1001806",2023-02-11,0,0,0,0
"1001809",2023-02-11,0,0,0,0
"1001810",2023-02-11,0,0,0,0
"1001811",2023-02-11,0,0,0,0
"1001815",2023-02-11,0,0,0,0
"1001817",2023-02-11,0,0,0,0
"1001818",2023-02-11,1,0,0,0
"1001819",2023-02-11,0,0,0,0
"1001820",2023-02-11,0,0,0,0
"1001821",2023-02-11,0,0,0,0
"1001822",2023-02-11,0,0,0,0
"1001823",2023-02-11,0,0,0,0
"1001825",2023-02-11,1,0,0,0
"1001826",2023-02-11,0,0,0,0
"1001827",2023-02-11,1,0,0,0
"1001828",2023-02-11,0,0,0,0
"1001830",2023-02-11,0,0,0,0
"1001832",2023-02-11,0,0,0,0
"1001834",2023-02-11,0,0,0,0
"1001838",2023-02-11,0,0,0,0
"1001840",2023-02-11,0,0,0,0
"1001841",2023-02-11,0,0,0,0
"1001850",2023-02-11,0,0,0,0
"1001851",2023-02-11,0,0,0,0
"1001852",2023-02-11,0,0,0,0
"1001853",2023-02-11,0,0,0,0
"1001855",2023-02-12,0,0,0,0
"1001856",2023-02-12,0,0,0,0
"1001859",2023-02-12,1,0,0,0
"1001860",2023-02-12,0,0,0,0
"1001861",2023-02-12,0,0,0,0
"1001863",2023-02-12,0,0,0,0
"1001865",2023-02-12,0,0,0,0
"1001867",2023-02-12,0,0,0,0
"1001868",2023-02-12,0,0,0,0
"1001869",2023-02-12,1,0,0,0
"1001871",2023-02-12,0,0,0,0
"1001874",2023-02-12,0,0,0,0
"1001876",2023-02-12,0,0,0,0
"1001877",2023-02-12,1,0,0,0
"1001878",2023-02-12,0,0,0,0
"1001879",2023-02-12,0,0,0,0
"1001880",2023-02-12,0,0,0,0
"1001882",2023-02-12,1,0,0,0
"1001883",2023-02-12,0,0,0,0
"1001885",2023-02-12,0,0,0,0
"1001890",2023-02-12,0,0,0,0
"1001892",2023-02-12,0,0,0,0
"1001893",2023-02-12,0,0,0,0
"1001894",2023-02-12,0,0,0,0
"1001899",2023-02-12,0,0,0,0
"1001901",2023-02-12,0,0,0,0
"1001902",2023-02-12,0,0,0,0
"1001904",2023-02-12,0,0,0,0
"1001908",2023-02-12,0,0,0,0
"1001909",2023-02-12,0,0,0,0
"1001912",2023-02-12,0,0,0,0
"1001913",2023-02-12,0,0,0,0
"1001915",2023-02-12,0,0,0,0
"1001916",2023-02-12,0,0,0,0
"1001917",2023-02-12,0,0,0,0
"1001920",2023-02-12,0,0,0,0
"1001925",2023-02-12,0,0,0,0
"1001927",2023-02-12,0,0,0,0
"1001928",2023-02-12,0,0,0,0
"1001929",2023-02-12,0,0,0,0
"1001930",2023-02-12,0,0,0,0
"1001933",2023-02-12,0,0,0,0
"1001934",2023-02-12,0,0,0,0
"1001937",2023-02-12,0,0,0,0
"1001938",2023-02-12,0,0,0,0
"1001939",2023-02-12,0,0,0,0
"1001940",2023-02-12,0,0,0,0
"1001941",2023-02-12,0,0,0,0
"1001942",2023-02-12,0,0,0,0
"1001943",2023-02-12,0,0,0,0
"1001945",2023-02-12,0,0,0,0
"1001948",2023-02-12,1,0,0,0
"1001949",2023-02-12,0,0,0,0
"1001950",2023-02-12,0,0,0,0
"1001952",2023-02-12,0,0,0,0
"1001953",2023-02-12,0,0,0,0
"1001955",2023-02-12,1,0,0,0
"1001960",2023-02-12,0,0,0,0
"1001961",2023-02-12,0,0,0,0
"1001964",2023-02-12,1,0,0,0
"1001965",2023-02-12,0,0,0,0
"1001966",2023-02-12,0,0,0,0
"1001967",2023-02-12,0,0,0,0
"1001968",2023-02-12,0,0,0,0
"1001970",2023-02-12,0,0,0,0
"1001972",2023-02-12,1,0,0,0
"1001973",2023-02-12,0,0,0,0
"1001976",2023-02-12,0,0,0,0
"1001978",2023-02-12,0,0,0,0
"1001979",2023-02-12,0,0,0,0
"1001980",2023-02-12,0,0,0,0
"1001981",2023-02-12,0,0,0,0
"1001982",2023-02-12,0,0,0,0
"1001984",2023-02-12,0,0,0,0
"1001986",2023-02-12,1,0,0,0
"1001987",2023-02-12,1,0,0,0
"1001988",2023-02-12,0,0,0,0
"1001992",2023-02-12,1,0,0,0
"1001993",2023-02-12,0,0,0,0
"1001998",2023-02-12,0,0,0,0
"1002000",2023-02-12,0,0,0,0
"1002002",2023-02-12,0,0,0,0
"1002005",2023-02-12,0,0,0,0
"1002006",2023-02-12,0,0,0,0
"1002007",2023-02-12,0,0,0,0
"1002010",2023-02-12,0,0,0,0
"1002013",2023-02-12,0,0,0,0
"1002014",2023-02-12,0,0,0,0
"1002016",2023-02-12,0,0,0,0
"1002019",2023-02-12,0,0,0,0
"1002020",2023-02-12,1,0,0,0
"1002022",2023-02-12,0,0,0,0
"1002028",2023-02-13,0,0,0,0
"1002029",2023-02-13,1,0,0,0
"1002030",2023-02-13,0,0,0,0
"1002031",2023-02-13,0,0,0,0
"1002032",2023-02-13,0,0,0,0
"1002033",2023-02-13,0,0,0,0
"1002034",2023-02-13,0,0,0,0
"1002040",2023-02-13,0,0,0,0
"1002041",2023-02-13,0,0,0,0
"1002043",2023-02-13,0,0,0,0
"1002044",2023-02-13,0,0,0,0
"1002045",2023-02-13,0,0,0,0
"1002046",2023-02-13,0,0,0,0
"1002051",2023-02-13,0,0,0,0
"1002052",2023-02-13,0,0,0,0
"1002055",2023-02-13,0,0,0,0
"1002056",2023-02-13,0,0,0,0
"1002057",2023-02-13,0,0,0,0
"1002058",2023-02-13,1,0,0,0
"1002060",2023-02-13,0,0,0,0
"1002062",2023-02-13,0,0,0,0
"1002063",2023-02-13,0,0,0,0
"1002065",2023-02-13,0,0,0,0
"1002066",2023-02-13,0,0,0,0
"1002068",2023-02-13,0,0,0,0
"1002069",2023-02-13,0,0,0,0
"1002070",2023-02-13,0,0,0,0
"1002073",2023-02-13,0,0,0,0
"1002074",2023-02-13,0,0,0,0
"1002077",2023-02-13,0,0,0,0
"1002081",2023-02-13,0,0,0,0
"1002085",2023-02-13,0,0,0,0
"1002086",2023-02-13,0,0,0,0
"1002089",2023-02-13,0,0,0,0
"1002092",2023-02-13,0,0,0,0
"1002093",2023-02-13,0,0,0,0
"1002095",2023-02-13,0,0,0,0
"1002097",2023-02-13,1,0,0,0
"1002105",2023-02-13,0,0,0,0
"1002107",2023-02-13,0,0,0,0
"1002108",2023-02-13,0,0,0,0
"1002109",2023-02-13,0,0,0,0
"1002110",2023-02-13,1,0,0,0
"1002111",2023-02-13,0,0,0,0
"1002112",2023-02-13,0,0,0,0
"1002113",2023-02-13,1,0,0,0
"1002116",2023-02-13,0,0,0,0
"1002119",2023-02-13,0,0,0,0
"1002120",2023-02-13,0,0,0,0
"1002121",2023-02-13,0,0,0,0
"1002122",2023-02-13,1,0,0,0
"1002123",2023-02-13,0,0,0,0
"1002124",2023-02-13,0,0,0,0
"1002127",2023-02-13,0,0,0,0
"1002128",2023-02-13,0,0,0,0
"1002129",2023-02-13,0,0,0,0
"1002133",2023-02-13,0,0,0,0
"1002134",2023-02-13,0,0,0,0
"1002135",2023-02-13,0,0,0,0
"1002136",2023-02-13,0,0,0,0
"1002137",2023-02-13,0,0,0,0
"1002138",2023-02-13,0,0,0,0
"1002140",2023-02-13,0,0,0,0
"1002143",2023-02-13,0,0,0,0
"1002144",2023-02-13,0,0,0,0
"1002146",2023-02-13,0,0,0,0
"1002147",2023-02-13,0,0,0,0
"1002148",2023-02-13,0,0,0,0
"1002152",2023-02-13,0,0,0,0
"1002153",2023-02-13,0,0,0,0
"1002154",2023-02-13,0,0,0,0
"1002158",2023-02-13,0,0,0,0
"1002159",2023-02-13,0,0,0,0
"1002160",2023-02-13,0,0,0,0
"1002164",2023-02-13,0,0,0,0
"1002167",2023-02-13,0,0,0,0
"1002170",2023-02-13,0,0,0,0
"1002171",2023-02-13,0,0,0,0
"1002172",2023-02-13,0,0,0,0
"1002173",2023-02-13,0,0,0,0
"1002175",2023-02-13,0,0,0,0
"1002177",2023-02-13,0,0,0,0
"1002178",2023-02-13,0,0,0,0
"1002179",2023-02-13,0,0,0,0
"1002180",2023-02-13,0,0,0,0
"1002181",2023-02-13,0,0,0,0
"1002182",2023-02-13,0,0,0,0
"1002183",2023-02-13,0,0,0,0
"1002184",2023-02-13,0,0,0,0
"1002185",2023-02-13,0,0,0,0
"1002186",2023-02-13,0,0,0,0
"1002188",2023-02-13,1,0,0,0
"1002189",2023-02-13,0,0,0,0
"1002192",2023-02-13,0,0,0,0
"1002196",2023-02-13,0,0,0,0
"1002197",2023-02-13,0,0,0,0
"1002198",2023-02-14,0,0,0,0
"1002199",2023-02-14,0,0,0,0
"1002200",2023-02-14,0,0,0,0
"1002202",2023-02-14,0,0,0,0
"1002203",2023-02-14,0,0,0,0
"1002204",2023-02-14,0,0,0,0
"1002205",2023-02-14,1,0,0,0
"1002206",2023-02-14,0,0,0,0
"1002207",2023-02-14,0,0,0,0
"1002208",2023-02-14,0,0,0,0
"1002211",2023-02-14,0,0,0,0
"1002214",2023-02-14,0,0,0,0
"1002216",2023-02-14,0,0,0,0
"1002219",2023-02-14,0,0,0,0
"1002220",2023-02-14,0,0,0,0
"1002221",2023-02-14,0,0,0,0
"1002223",2023-02-14,0,0,0,0
"1002224",2023-02-14,0,0,0,0
"1002225",2023-02-14,0,0,0,0
"1002228",2023-02-14,0,0,0,0
"1002229",2023-02-14,0,0,0,0
"1002231",2023-02-14,0,0,0,0
"1002232",2023-02-14,0,0,0,0
"1002233",2023-02-14,0,0,0,0
"1002236",2023-02-14,0,0,0,0
"1002239",2023-02-14,0,0,0,0
"1002240",2023-02-14,0,0,0,0
"1002241",2023-02-14,0,0,0,0
"1002243",2023-02-14,0,0,0,0
"1002244",2023-02-14,0,0,0,0
"1002246",2023-02-14,0,0,0,0
"1002247",2023-02-14,0,0,0,0
"1002252",2023-02-14,0,0,0,0
"1002253",2023-02-14,0,0,0,0
"1002256",2023-02-14,0,0,0,0
"1002257",2023-02-14,0,0,0,0
"1002258",2023-02-14,0,0,0,0
"1002261",2023-02-14,0,0,0,0
"1002262",2023-02-14,0,0,0,0
"1002264",2023-02-14,0,0,0,0
"1002266",2023-02-14,0,0,0,0
"1002267",2023-02-14,0,0,0,0
"1002275",2023-02-14,0,0,0,0
"1002277",2023-02-14,0,0,0,0
"1002280",2023-02-14,0,0,0,0
"1002281",2023-02-14,0,0,0,0
"1002282",2023-02-14,0,0,0,0
"1002283",2023-02-14,0,0,0,0
"1002285",2023-02-14,0,0,0,0
"1002289",2023-02-14,0,0,0,0
"1002293",2023-02-14,0,0,0,0
"1002294",2023-02-14,0,0,0,0
"1002296",2023-02-14,0,0,0,0
"1002297",2023-02-14,0,0,0,0
"1002300",2023-02-14,0,0,0,0
"1002301",2023-02-14,0,0,0,0
"1002302",2023-02-14,0,0,0,0
"1002305",2023-02-14,0,0,0,0
"1002308",2023-02-14,0,0,0,0
"1002309",2023-02-14,0,0,0,0
"1002311",2023-02-14,0,0,0,0
"1002312",2023-02-14,0,0,0,0
"1002313",2023-02-14,0,0,0,0
"1002315",2023-02-14,0,0,0,0
"1002316",2023-02-14,0,0,0,0
"1002317",2023-02-14,0,0,0,0
"1002318",2023-02-14,0,0,0,0
"1002320",2023-02-14,0,0,0,0
"1002323",2023-02-14,0,0,0,0
"1002324",2023-02-14,0,0,0,0
"1002331",2023-02-14,0,0,0,0
"1002333",2023-02-14,0,0,0,0
"1002335",2023-02-14,0,0,0,0
"1002336",2023-02-14,0,0,0,0
"1002337",2023-02-14,0,0,0,0
"1002338",2023-02-14,0,0,0,0
"1002339",2023-02-14,0,0,0,0
"1002342",2023-02-14,0,0,0,0
"1002344",2023-02-14,0,0,0,0
"1002346",2023-02-14,0,0,0,0
"1002350",2023-02-14,0,0,0,0
"1002351",2023-02-14,1,0,0,0
"1002353",2023-02-14,0,0,0,0
"1002356",2023-02-14,0,0,0,0
"1002357",2023-02-14,0,0,0,0
"1002358",2023-02-14,0,0,0,0
"1002360",2023-02-14,0,0,0,0
"1002363",2023-02-14,0,0,0,0
"1002364",2023-02-14,0,0,0,0
"1002365",2023-02-14,0,0,0,0
"1002369",2023-02-14,0,0,0,0
"1002370",2023-02-14,0,0,0,0
"1002374",2023-02-14,0,0,0,0
"1002377",2023-02-15,0,0,0,0
"1002380",2023-02-15,0,0,0,0
"1002381",2023-02-15,0,0,0,0
"1002382",2023-02-15,1,0,0,0
"1002386",2023-02-15,0,0,0,0
"1002388",2023-02-15,0,0,0,0
"1002389",2023-02-15,0,0,0,0
"1002391",2023-02-15,0,0,0,0
"1002392",2023-02-15,0,0,0,0
"1002396",2023-02-15,0,0,0,0
"1002397",2023-02-15,0,0,0,0
"1002398",2023-02-15,0,0,0,0
"1002400",2023-02-15,0,0,0,0
"1002402",2023-02-15,1,0,0,0
"1002403",2023-02-15,0,0,0,0
"1002404",2023-02-15,0,0,0,0
"1002405",2023-02-15,0,0,0,0
"1002406",2023-02-15,0,0,0,0
"1002408",2023-02-15,0,0,0,0
"1002410",2023-02-15,0,0,0,0
"1002411",2023-02-15,0,0,0,0
"1002413",2023-02-15,0,0,0,0
"1002414",2023-02-15,0,0,0,0
"1002416",2023-02-15,0,0,0,0
"1002418",2023-02-15,0,0,0,0
"1002419",2023-02-15,0,0,0,0
"1002420",2023-02-15,0,0,0,0
"1002422",2023-02-15,0,0,0,0
"1002423",2023-02-15,0,0,0,0
"1002425",2023-02-15,0,0,0,0
"1002426",2023-02-15,1,0,0,0
"1002427",2023-02-15,0,0,0,0
"1002428",2023-02-15,1,0,0,0
"1002429",2023-02-15,0,0,0,0
"1002430",2023-02-15,0,0,0,0
"1002432",2023-02-15,0,0,0,0
"1002435",2023-02-15,0,0,0,0
"1002436",2023-02-15,0,0,0,0
"1002437",2023-02-15,0,0,0,0
"1002438",2023-02-15,0,0,0,0
"1002439",2023-02-15,0,0,0,0
"1002440",2023-02-15,0,0,0,0
"1002441",2023-02-15,0,0,0,0
"1002445",2023-02-15,0,0,0,0
"1002446",2023-02-15,0,0,0,0
"1002447",2023-02-15,0,0,0,0
"1002448",2023-02-15,0,0,0,0
"1002452",2023-02-15,0,0,0,0
"1002453",2023-02-15,0,0,0,0
"1002456",2023-02-15,1,0,0,0
"1002457",2023-02-15,0,0,0,0
"1002459",2023-02-15,0,0,0,0
"1002460",2023-02-15,0,0,0,0
"1002461",2023-02-15,0,0,0,0
"1002462",2023-02-15,0,0,0,0
"1002464",2023-02-15,0,0,0,0
"1002465",2023-02-15,0,0,0,0
"1002466",2023-02-15,0,0,0,0
"1002469",2023-02-15,0,0,0,0
"1002474",2023-02-15,0,0,0,0
"1002476",2023-02-15,0,0,0,0
"1002478",2023-02-15,0,0,0,0
"1002479",2023-02-15,0,0,0,0
"1002486",2023-02-15,0,0,0,0
"1002489",2023-02-15,0,0,0,0
"1002490",2023-02-15,0,0,0,0
"1002491",2023-02-15,0,0,0,0
"1002492",2023-02-15,0,0,0,0
"1002495",2023-02-15,0,0,0,0
"1002497",2023-02-15,0,0,0,0
"1002498",2023-02-15,0,0,0,0
"1002499",2023-02-15,0,0,0,0
