"user_id","country","platform_type","type_traffic","payer","total_revenue","max_level","amount_gold","amount_bronze_cup","amount_silver_cup","amount_gold_cup","install_date"
"1000001",ES,android,organic,0,0.0,0,0,0,0,0,2023-02-01 08:00:02
"1000004",RU,android,organic,0,0.0,0,0,0,0,0,2023-02-01 08:29:34
"1000006",CA,iOS,organic,0,0.0,2,650,0,0,0,2023-02-01 08:47:23
"1000007",GE,android,organic,0,0.0,0,0,0,0,0,2023-02-01 08:49:45
"1000008",RU,iOS,organic,0,0.0,10,3050,0,0,0,2023-02-01 09:03:20
"1000009",LT,android,paid,0,0.0,0,0,0,0,0,2023-02-01 09:09:01
"1000011",CA,android,organic,0,0.0,0,0,0,0,0,2023-02-01 09:20:36
"1000012",IT,android,paid,0,0.0,0,0,0,0,0,2023-02-01 09:22:58
"1000014",KZ,android,organic,0,0.0,2,650,0,0,0,2023-02-01 09:36:25
"1000016",GE,iOS,paid,0,0.0,0,0,0,0,0,2023-02-01 09:59:13
"1000019",CA,android,organic,0,0.0,0,0,0,0,0,2023-02-01 10:18:21
"1000021",RU,iOS,paid,0,0.0,0,0,0,0,0,2023-02-01 10:41:09
"1000022",US,android,organic,0,0.0,12,4050,0,0,0,2023-02-01 10:46:50
"1000023",PL,iOS,organic,0,0.0,2,750,0,0,0,2023-02-01 11:00:25
"1000027",KZ,android,organic,0,0.0,1,50,0,0,0,2023-02-01 11:26:17
"1000028",ES,android,organic,1,99.0,9,2750,0,0,0,2023-02-01 11:31:58
"1000030",KZ,android,organic,0,0.0,2,650,0,0,0,2023-02-01 11:40:26
"1000031",PL,android,organic,0,0.0,0,0,0,0,0,2023-02-01 11:44:40
"1000032",GE,iOS,organic,0,0.0,0,0,0,0,0,2023-02-01 11:48:54
"1000033",RU,android,organic,0,0.0,2,650,0,0,0,2023-02-01 12:02:29
"1000035",PL,android,paid,0,0.0,0,0,0,0,0,2023-02-01 12:29:39
"1000036",KZ,iOS,organic,0,0.0,0,0,0,0,0,2023-02-01 12:38:52
"1000037",RU,android,organic,0,0.0,0,0,0,0,0,2023-02-01 12:52:27
"1000038",KZ,iOS,paid,0,0.0,3,750,0,0,0,2023-02-01 12:58:08
"1000042",IT,iOS,organic,0,0.0,4,950,0,0,0,2023-02-01 13:33:46
"1000043",ES,android,organic,0,0.0,0,0,0,0,0,2023-02-01 13:42:59
"1000044",KZ,android,organic,0,0.0,1,50,0,0,0,2023-02-01 13:52:12
"1000045",ES,iOS,paid,0,0.0,0,0,0,0,0,2023-02-01 14:05:47
"1000046",RU,iOS,organic,0,0.0,0,0,0,0,0,2023-02-01 14:15:00
"1000048",RU,iOS,organic,0,0.0,0,0,0,0,0,2023-02-01 14:29:54
"1000053",IT,android,organic,0,0.0,0,0,0,0,0,2023-02-01 15:05:24
"1000054",ES,android,organic,0,0.0,0,0,0,0,0,2023-02-01 15:14:37
"1000055",KZ,android,organic,0,0.0,0,0,0,0,0,2023-02-01 15:18:51
"1000056",CA,android,organic,0,0.0,0,0,0,0,0,2023-02-01 15:24:32
"1000061",RU,android,organic,0,0.0,10,3050,0,0,0,2023-02-01 16:04:23
"1000062",RU,android,organic,0,0.0,2,650,0,0,0,2023-02-01 16:17:58
"1000063",PL,iOS,organic,0,0.0,2,650,0,0,0,2023-02-01 16:22:12
"1000064",RU,android,organic,0,0.0,2,650,0,0,0,2023-02-01 16:27:53
"1000065",RU,iOS,organic,0,0.0,0,0,0,0,0,2023-02-01 16:30:15
"1000068",RU,android,organic,0,0.0,0,0,0,0,0,2023-02-01 16:51:53
"1000070",NL,android,organic,0,0.0,4,950,0,0,0,2023-02-01 17:00:21
"1000071",CA,android,paid,0,0.0,0,0,0,0,0,2023-02-01 17:06:02
"1000073",US,iOS,organic,0,0.0,0,0,0,0,0,2023-02-01 17:25:18
"1000074",IT,android,organic,0,0.0,0,0,0,0,0,2023-02-01 17:38:53
"1000075",KZ,android,organic,0,0.0,2,650,0,0,0,2023-02-01 17:44:34
"1000076",RU,iOS,paid,0,0.0,12,4050,0,0,0,2023-02-01 17:58:09
"1000078",NL,iOS,organic,0,0.0,0,0,0,0,0,2023-02-01 18:25:19
"1000079",PL,android,organic,1,299.0,8,4250,0,0,0,2023-02-01 18:38:54
"1000080",RU,android,organic,0,0.0,1,50,0,0,0,2023-02-01 18:52:29
"1000081",GE,iOS,organic,0,0.0,0,0,0,0,0,2023-02-01 19:01:42
"1000082",RU,android,organic,0,0.0,0,0,0,0,0,2023-02-01 19:15:17
"1000083",KZ,iOS,organic,0,0.0,2,850,0,0,0,2023-02-01 19:17:39
"1000084",KZ,android,organic,0,0.0,0,0,0,0,0,2023-02-01 19:31:14
"1000085",RU,android,organic,0,0.0,6,1150,0,0,0,2023-02-01 19:44:49
"1000086",RU,android,organic,0,0.0,4,950,0,0,0,2023-02-01 19:54:02
"1000087",PL,android,organic,0,0.0,0,0,0,0,0,2023-02-01 19:58:16
"1000088",PL,android,organic,0,0.0,0,0,0,0,0,2023-02-01 20:00:38
"1000094",RU,android,paid,0,0.0,3,750,0,0,0,2023-02-01 20:49:18
"1000097",PL,android,organic,0,0.0,0,0,0,0,0,2023-02-01 21:14:15
"1000098",PL,android,paid,0,0.0,0,0,0,0,0,2023-02-01 21:16:37
"1000099",DE,iOS,paid,0,0.0,0,0,0,0,0,2023-02-01 21:25:50
"1000102",BY,android,organic,0,0.0,0,0,0,0,0,2023-02-01 21:44:58
"1000105",KZ,android,organic,0,0.0,0,0,0,0,0,2023-02-01 22:12:00
"1000108",KZ,iOS,organic,0,0.0,11,4050,0,0,0,2023-02-01 22:37:10
"1000109",RU,android,organic,0,0.0,0,0,0,0,0,2023-02-01 22:41:24
"1000110",RU,android,paid,0,0.0,0,0,0,0,0,2023-02-01 22:54:59
"1000112",RU,android,organic,0,0.0,10,3050,0,0,0,2023-02-01 23:14:15
"1000113",RU,iOS,paid,0,0.0,0,0,0,0,0,2023-02-01 23:23:28
"1000115",PL,android,organic,0,0.0,3,750,0,0,0,2023-02-01 23:46:16
"1000117",DE,android,organic,0,0.0,0,0,0,0,0,2023-02-02 00:01:10
"1000118",PL,iOS,organic,0,0.0,0,0,0,0,0,2023-02-02 00:14:45
"1000120",GE,android,organic,0,0.0,0,0,0,0,0,2023-02-02 00:28:12
"1000129",CA,android,paid,0,0.0,10,3050,0,0,0,2023-02-02 01:37:40
"1000130",RU,android,paid,0,0.0,2,750,0,0,0,2023-02-02 01:41:54
"1000134",RU,android,organic,0,0.0,4,850,0,0,0,2023-02-02 02:18:46
"1000135",US,iOS,organic,0,0.0,0,0,0,0,0,2023-02-02 02:32:21
"1000136",US,android,paid,0,0.0,0,0,0,0,0,2023-02-02 02:36:35
"1000138",RU,iOS,organic,0,0.0,4,950,0,0,0,2023-02-02 02:48:10
"1000139",IT,android,organic,0,0.0,0,0,0,0,0,2023-02-02 02:50:32
"1000144",ES,android,organic,0,0.0,2,650,0,0,0,2023-02-02 03:26:02
"1000146",BY,iOS,organic,0,0.0,0,0,0,0,0,2023-02-02 03:48:50
"1000149",US,android,organic,0,0.0,0,0,0,0,0,2023-02-02 04:25:13
"1000154",IT,iOS,organic,0,0.0,0,0,0,0,0,2023-02-02 05:08:49
"1000156",PL,android,organic,0,0.0,0,0,0,0,0,2023-02-02 05:18:44
"1000157",KZ,iOS,organic,0,0.0,0,0,0,0,0,2023-02-02 05:32:19
"1000158",DE,android,organic,0,0.0,11,4050,0,0,0,2023-02-02 05:36:33
"1000160",DE,iOS,organic,0,0.0,3,750,0,0,0,2023-02-02 05:51:27
"1000161",US,android,organic,0,0.0,3,750,0,0,0,2023-02-02 06:00:40
"1000166",DE,android,organic,0,0.0,0,0,0,0,0,2023-02-02 06:38:14
"1000167",US,iOS,organic,0,0.0,1,50,0,0,0,2023-02-02 06:40:36
"1000172",DE,android,paid,0,0.0,0,0,0,0,0,2023-02-02 07:24:12
"1000173",US,iOS,organic,0,0.0,0,0,0,0,0,2023-02-02 07:33:25
"1000175",US,android,organic,0,0.0,0,0,0,0,0,2023-02-02 07:46:52
"1000177",DE,android,organic,0,0.0,0,0,0,0,0,2023-02-02 08:06:08
"1000178",RU,android,organic,0,0.0,4,950,0,0,0,2023-02-02 08:10:22
"1000179",ES,android,paid,0,0.0,3,850,0,0,0,2023-02-02 08:16:03
"1000180",ES,android,organic,0,0.0,0,0,0,0,0,2023-02-02 08:20:17
"1000181",LV,android,organic,0,0.0,4,950,0,0,0,2023-02-02 08:29:30
"1000183",US,android,organic,0,0.0,0,0,0,0,0,2023-02-02 08:48:46
"1000187",ES,android,organic,0,0.0,0,0,0,0,0,2023-02-02 09:30:00
"1000188",RU,iOS,organic,0,0.0,4,950,0,0,0,2023-02-02 09:35:41
"1000189",GE,android,organic,0,0.0,0,0,0,0,0,2023-02-02 09:44:54
"1000190",KZ,android,organic,0,0.0,4,950,0,0,0,2023-02-02 09:54:07
"1000191",US,iOS,organic,0,0.0,0,0,0,0,0,2023-02-02 09:58:21
"1000193",BY,iOS,organic,0,0.0,0,0,0,0,0,2023-02-02 10:04:57
"1000198",ES,android,organic,0,0.0,0,0,0,0,0,2023-02-02 10:56:14
"1000199",RU,android,organic,0,0.0,0,0,0,0,0,2023-02-02 11:05:27
"1000201",BY,android,organic,0,0.0,4,950,0,0,0,2023-02-02 11:24:43
"1000203",US,iOS,organic,0,0.0,4,850,0,0,0,2023-02-02 11:43:59
"1000204",US,android,paid,0,0.0,2,650,0,0,0,2023-02-02 11:49:40
"1000205",RU,android,organic,0,0.0,0,0,0,0,0,2023-02-02 12:03:15
"1000206",KZ,iOS,paid,0,0.0,0,0,0,0,0,2023-02-02 12:12:28
"1000208",RU,iOS,organic,1,399.0,3,950,0,0,0,2023-02-02 12:24:03
"1000210",RU,android,organic,0,0.0,0,0,0,0,0,2023-02-02 12:51:13
"1000212",US,android,organic,0,0.0,0,0,0,0,0,2023-02-02 13:04:40
"1000213",RU,android,organic,0,0.0,0,0,0,0,0,2023-02-02 13:10:21
"1000215",GE,android,organic,0,0.0,3,750,0,0,0,2023-02-02 13:33:09
"1000216",US,android,paid,0,0.0,0,0,0,0,0,2023-02-02 13:42:22
"1000218",RU,iOS,organic,0,0.0,6,1150,0,0,0,2023-02-02 13:50:25
"1000221",ES,android,organic,0,0.0,0,0,0,0,0,2023-02-02 14:13:55
"1000222",RU,android,organic,0,0.0,0,0,0,0,0,2023-02-02 14:23:08
"1000223",BY,iOS,paid,0,0.0,1,50,0,0,0,2023-02-02 14:36:43
"1000224",RU,android,organic,0,0.0,0,0,0,0,0,2023-02-02 14:40:57
"1000225",PL,iOS,organic,0,0.0,0,0,0,0,0,2023-02-02 14:46:38
"1000228",US,iOS,paid,0,0.0,0,0,0,0,0,2023-02-02 15:09:18
"1000229",CA,android,organic,0,0.0,0,0,0,0,0,2023-02-02 15:14:59
"1000230",GE,android,organic,0,0.0,4,950,0,0,0,2023-02-02 15:28:34
"1000233",GE,android,organic,0,0.0,4,850,0,0,0,2023-02-02 16:04:57
"1000236",RU,android,organic,0,0.0,0,0,0,0,0,2023-02-02 16:27:37
"1000237",US,android,paid,0,0.0,1,50,0,0,0,2023-02-02 16:33:18
"1000240",US,iOS,organic,0,0.0,0,0,0,0,0,2023-02-02 16:51:37
"1000243",RU,android,organic,0,0.0,0,0,0,0,0,2023-02-02 17:07:26
"1000244",DE,android,organic,0,0.0,6,1150,0,0,0,2023-02-02 17:21:01
"1000245",KZ,iOS,organic,0,0.0,3,750,0,0,0,2023-02-02 17:30:14
"1000246",RU,android,organic,0,0.0,0,0,0,0,0,2023-02-02 17:35:55
"1000254",US,android,organic,0,0.0,0,0,0,0,0,2023-02-02 18:43:51
"1000255",PL,iOS,organic,0,0.0,4,950,0,0,0,2023-02-02 18:53:04
"1000256",KZ,iOS,organic,0,0.0,1,50,0,0,0,2023-02-02 18:57:18
"1000257",PL,android,organic,0,0.0,0,0,0,0,0,2023-02-02 19:10:53
"1000260",DE,android,organic,0,0.0,4,950,0,0,0,2023-02-02 19:26:29
"1000261",PL,android,organic,0,0.0,4,850,0,0,0,2023-02-02 19:32:10
"1000262",US,android,organic,0,0.0,12,4050,0,0,0,2023-02-02 19:41:23
"1000263",US,android,paid,0,0.0,12,4050,0,0,0,2023-02-02 19:45:37
"1000267",DE,android,organic,0,0.0,0,0,0,0,0,2023-02-02 20:08:59
"1000268",DE,android,paid,0,0.0,0,0,0,0,0,2023-02-02 20:18:12
"1000269",US,android,organic,0,0.0,0,0,0,0,0,2023-02-02 20:31:47
"1000272",US,android,organic,0,0.0,0,0,0,0,0,2023-02-02 21:00:16
"1000273",KZ,android,paid,0,0.0,0,0,0,0,0,2023-02-02 21:05:57
"1000274",US,android,organic,0,0.0,0,0,0,0,0,2023-02-02 21:11:38
"1000277",CA,iOS,organic,0,0.0,0,0,0,0,0,2023-02-02 21:35:45
"1000285",BY,android,organic,0,0.0,0,0,0,0,0,2023-02-02 22:39:56
"1000286",ES,android,organic,0,0.0,0,0,0,0,0,2023-02-02 22:53:31
"1000287",US,iOS,organic,0,0.0,0,0,0,0,0,2023-02-02 22:57:45
"1000288",PL,android,organic,0,0.0,1,50,0,0,0,2023-02-02 23:06:58
"1000290",RU,iOS,organic,0,0.0,3,850,0,0,0,2023-02-02 23:15:26
"1000292",GE,android,organic,0,0.0,3,750,0,0,0,2023-02-02 23:33:15
"1000293",DE,android,organic,0,0.0,0,0,0,0,0,2023-02-02 23:46:50
"1000295",DE,iOS,organic,0,0.0,0,0,0,0,0,2023-02-03 00:04:39
"1000296",BY,iOS,paid,0,0.0,0,0,0,0,0,2023-02-03 00:10:20
"1000297",RU,android,organic,0,0.0,0,0,0,0,0,2023-02-03 00:19:33
"1000299",IT,android,organic,0,0.0,4,850,0,0,0,2023-02-03 00:27:36
"1000301",RU,iOS,organic,0,0.0,0,0,0,0,0,2023-02-03 00:35:39
"1000303",US,android,organic,0,0.0,10,3050,0,0,0,2023-02-03 00:47:01
"1000306",DE,iOS,organic,0,0.0,0,0,0,0,0,2023-02-03 01:27:46
"1000309",RU,android,organic,0,0.0,0,0,0,0,0,2023-02-03 01:46:54
"1000310",GE,android,organic,0,0.0,0,0,0,0,0,2023-02-03 01:56:07
"1000311",US,android,paid,0,0.0,4,850,0,0,0,2023-02-03 01:58:29
"1000312",GE,android,organic,0,0.0,0,0,0,0,0,2023-02-03 02:07:42
"1000314",DE,android,organic,0,0.0,0,0,0,0,0,2023-02-03 02:26:08
"1000315",NL,android,organic,0,0.0,0,0,0,0,0,2023-02-03 02:35:21
"1000317",RU,iOS,organic,0,0.0,4,950,0,0,0,2023-02-03 02:45:16
"1000318",CA,iOS,organic,0,0.0,0,0,0,0,0,2023-02-03 02:50:57
"1000320",RU,android,paid,0,0.0,0,0,0,0,0,2023-02-03 03:05:51
"1000321",RU,android,organic,0,0.0,2,650,0,0,0,2023-02-03 03:15:04
"1000322",RU,android,organic,0,0.0,0,0,0,0,0,2023-02-03 03:19:18
"1000324",BY,android,organic,0,0.0,0,0,0,0,0,2023-02-03 03:27:21
"1000327",IT,android,organic,0,0.0,10,3050,0,0,0,2023-02-03 03:41:18
"1000330",IT,iOS,organic,0,0.0,0,0,0,0,0,2023-02-03 04:17:41
"1000331",RU,android,organic,0,0.0,0,0,0,0,0,2023-02-03 04:23:22
"1000335",US,android,organic,0,0.0,0,0,0,0,0,2023-02-03 04:54:13
"1000336",RU,android,organic,0,0.0,4,950,0,0,0,2023-02-03 05:07:48
"1000338",ES,iOS,organic,0,0.0,0,0,0,0,0,2023-02-03 05:22:42
"1000339",RU,android,paid,0,0.0,2,650,0,0,0,2023-02-03 05:36:17
"1000340",US,iOS,organic,0,0.0,0,0,0,0,0,2023-02-03 05:40:31
"1000341",BY,iOS,organic,0,0.0,0,0,0,0,0,2023-02-03 05:46:12
"1000342",KZ,iOS,organic,0,0.0,0,0,0,0,0,2023-02-03 05:51:53
"1000345",PL,android,organic,0,0.0,0,0,0,0,0,2023-02-03 06:12:28
"1000346",US,iOS,organic,0,0.0,0,0,0,0,0,2023-02-03 06:26:03
"1000347",RU,iOS,organic,0,0.0,0,0,0,0,0,2023-02-03 06:39:38
"1000348",RU,iOS,organic,0,0.0,3,850,0,0,0,2023-02-03 06:48:51
"1000349",PL,android,organic,0,0.0,0,0,0,0,0,2023-02-03 06:51:13
"1000350",BY,android,organic,0,0.0,0,0,0,0,0,2023-02-03 07:04:48
"1000351",IT,iOS,organic,0,0.0,0,0,0,0,0,2023-02-03 07:18:23
"1000352",GE,android,paid,0,0.0,0,0,0,0,0,2023-02-03 07:27:36
"1000354",US,iOS,organic,0,0.0,2,750,0,0,0,2023-02-03 07:39:11
"1000357",RU,iOS,organic,0,0.0,0,0,0,0,0,2023-02-03 07:54:47
"1000358",US,iOS,organic,1,299.0,8,4250,0,0,0,2023-02-03 08:08:22
"1000360",PL,iOS,paid,0,0.0,4,950,0,0,0,2023-02-03 08:21:49
"1000361",IT,android,organic,0,0.0,0,0,0,0,0,2023-02-03 08:24:11
"1000362",ES,iOS,organic,0,0.0,0,0,0,0,0,2023-02-03 08:28:25
"1000366",RU,android,organic,0,0.0,0,0,0,0,0,2023-02-03 08:56:46
"1000367",LV,android,organic,0,0.0,1,50,0,0,0,2023-02-03 09:10:21
"1000370",US,android,organic,0,0.0,0,0,0,0,0,2023-02-03 09:26:10
"1000371",GE,android,organic,0,0.0,0,0,0,0,0,2023-02-03 09:35:23
"1000372",IT,android,organic,0,0.0,0,0,0,0,0,2023-02-03 09:37:45
"1000374",KZ,android,organic,0,0.0,0,0,0,0,0,2023-02-03 09:46:13
"1000375",IT,android,organic,0,0.0,6,1150,0,0,0,2023-02-03 09:50:27
"1000377",RU,android,organic,0,0.0,10,3050,0,0,0,2023-02-03 10:13:15
"1000378",RU,android,organic,0,0.0,0,0,0,0,0,2023-02-03 10:17:29
"1000383",GE,android,organic,0,0.0,0,0,0,0,0,2023-02-03 11:04:24
"1000386",IT,iOS,organic,0,0.0,1,50,0,0,0,2023-02-03 11:32:53
"1000387",RU,android,organic,0,0.0,0,0,0,0,0,2023-02-03 11:42:06
"1000388",RU,android,paid,0,0.0,0,0,0,0,0,2023-02-03 11:55:41
"1000389",RU,iOS,organic,0,0.0,4,950,0,0,0,2023-02-03 12:01:22
"1000390",RU,android,organic,0,0.0,12,4050,0,0,0,2023-02-03 12:14:57
"1000393",US,android,organic,0,0.0,0,0,0,0,0,2023-02-03 12:47:48
"1000395",KZ,android,organic,0,0.0,0,0,0,0,0,2023-02-03 13:05:37
"1000396",US,android,organic,0,0.0,0,0,0,0,0,2023-02-03 13:07:59
"1000397",US,iOS,organic,0,0.0,0,0,0,0,0,2023-02-03 13:17:12
"1000399",RU,android,organic,1,199.0,5,1150,0,0,0,2023-02-03 13:40:00
"1000400",DE,android,paid,0,0.0,0,0,0,0,0,2023-02-03 13:49:13
"1000402",PL,android,paid,0,0.0,12,4050,0,0,0,2023-02-03 14:00:48
"1000405",PL,android,organic,0,0.0,0,0,0,0,0,2023-02-03 14:37:11
"1000406",KZ,android,organic,0,0.0,0,0,0,0,0,2023-02-03 14:50:46
"1000407",KZ,iOS,organic,0,0.0,0,0,0,0,0,2023-02-03 14:59:59
"1000408",RU,android,organic,0,0.0,3,850,0,0,0,2023-02-03 15:09:12
"1000409",RU,iOS,organic,0,0.0,0,0,0,0,0,2023-02-03 15:18:25
"1000410",RU,iOS,organic,0,0.0,6,1150,0,0,0,2023-02-03 15:27:38
"1000411",ES,android,organic,0,0.0,4,850,0,0,0,2023-02-03 15:41:13
"1000414",PL,android,organic,0,0.0,12,4050,0,0,0,2023-02-03 16:02:01
"1000415",LV,iOS,organic,0,0.0,2,650,0,0,0,2023-02-03 16:04:23
"1000421",RU,iOS,organic,0,0.0,0,0,0,0,0,2023-02-03 17:01:21
"1000426",BY,iOS,paid,0,0.0,10,3050,0,0,0,2023-02-03 17:41:50
"1000428",IT,iOS,organic,0,0.0,10,3050,0,0,0,2023-02-03 17:59:39
"1000432",IT,android,organic,0,0.0,2,650,0,0,0,2023-02-03 18:33:49
"1000433",NL,android,organic,0,0.0,4,950,0,0,0,2023-02-03 18:39:30
"1000435",RU,android,paid,0,0.0,0,0,0,0,0,2023-02-03 19:02:18
"1000436",RU,iOS,organic,0,0.0,4,950,0,0,0,2023-02-03 19:11:31
"1000437",RU,iOS,paid,0,0.0,10,3050,0,0,0,2023-02-03 19:15:45
"1000440",DE,iOS,organic,0,0.0,2,650,0,0,0,2023-02-03 19:43:24
"1000441",KZ,android,organic,0,0.0,0,0,0,0,0,2023-02-03 19:52:37
"1000442",DE,android,organic,0,0.0,0,0,0,0,0,2023-02-03 20:01:50
"1000444",RU,iOS,organic,1,299.0,8,4250,0,0,0,2023-02-03 20:11:45
"1000447",GE,iOS,organic,0,0.0,0,0,0,0,0,2023-02-03 20:40:14
"1000449",KZ,iOS,organic,1,99.0,9,2750,0,0,0,2023-02-03 20:58:40
"1000450",KZ,android,organic,0,0.0,0,0,0,0,0,2023-02-03 21:02:54
"1000451",ES,android,organic,0,0.0,6,1150,0,0,0,2023-02-03 21:05:16
"1000452",KZ,iOS,organic,0,0.0,0,0,0,0,0,2023-02-03 21:18:51
"1000455",GE,android,organic,0,0.0,1,50,0,0,0,2023-02-03 21:55:14
"1000457",US,iOS,organic,0,0.0,0,0,0,0,0,2023-02-03 22:03:17
"1000458",NL,android,organic,0,0.0,0,0,0,0,0,2023-02-03 22:16:52
"1000460",KZ,android,paid,0,0.0,12,4050,0,0,0,2023-02-03 22:32:49
"1000462",US,iOS,organic,0,0.0,4,950,0,0,0,2023-02-03 22:48:46
"1000464",RU,android,organic,0,0.0,9,3050,0,0,0,2023-02-03 23:03:40
"1000465",KZ,android,organic,0,0.0,0,0,0,0,0,2023-02-03 23:12:53
"1000468",RU,android,organic,0,0.0,3,850,0,0,0,2023-02-03 23:33:28
"1000469",RU,iOS,organic,0,0.0,10,3050,0,0,0,2023-02-03 23:47:03
"1000473",IT,android,organic,0,0.0,0,0,0,0,0,2023-02-04 00:12:05
"1000476",DE,android,organic,0,0.0,0,0,0,0,0,2023-02-04 00:41:37
"1000478",BY,iOS,organic,0,0.0,0,0,0,0,0,2023-02-04 01:08:47
"1000479",RU,iOS,paid,0,0.0,10,3050,0,0,0,2023-02-04 01:13:01
"1000480",US,iOS,organic,0,0.0,9,3050,0,0,0,2023-02-04 01:26:36
"1000483",CA,android,organic,0,0.0,4,950,0,0,0,2023-02-04 01:50:43
"1000486",RU,android,organic,0,0.0,0,0,0,0,0,2023-02-04 02:14:13
"1000487",US,android,organic,0,0.0,0,0,0,0,0,2023-02-04 02:27:48
"1000488",RU,android,paid,0,0.0,0,0,0,0,0,2023-02-04 02:37:01
"1000489",DE,iOS,organic,0,0.0,0,0,0,0,0,2023-02-04 02:46:14
"1000490",US,android,organic,0,0.0,0,0,0,0,0,2023-02-04 02:59:49
"1000491",RU,android,organic,0,0.0,2,650,0,0,0,2023-02-04 03:05:30
"1000498",LV,android,paid,0,0.0,4,950,0,0,0,2023-02-04 04:11:17
"1000499",KZ,iOS,organic,0,0.0,2,650,0,0,0,2023-02-04 04:13:39
"1000501",RU,android,organic,0,0.0,0,0,0,0,0,2023-02-04 04:36:27
"1000504",RU,android,organic,0,0.0,0,0,0,0,0,2023-02-04 04:57:02
"1000506",US,iOS,organic,0,0.0,0,0,0,0,0,2023-02-04 05:08:24
"1000507",RU,iOS,organic,0,0.0,0,0,0,0,0,2023-02-04 05:14:05
"1000509",RU,android,organic,0,0.0,0,0,0,0,0,2023-02-04 05:30:02
"1000515",PL,iOS,organic,0,0.0,3,850,0,0,0,2023-02-04 06:04:59
"1000517",DE,android,organic,0,0.0,0,0,0,0,0,2023-02-04 06:27:47
"1000520",KZ,iOS,paid,0,0.0,0,0,0,0,0,2023-02-04 06:59:11
"1000521",RU,android,organic,1,399.0,3,950,0,0,0,2023-02-04 07:12:46
"1000523",RU,android,organic,0,0.0,0,0,0,0,0,2023-02-04 07:26:13
"1000527",US,iOS,paid,0,0.0,0,0,0,0,0,2023-02-04 07:53:45
"1000528",US,iOS,organic,0,0.0,4,850,0,0,0,2023-02-04 08:02:58
"1000537",RU,iOS,organic,0,0.0,0,0,0,0,0,2023-02-04 09:07:51
"1000538",RU,android,organic,0,0.0,0,0,0,0,0,2023-02-04 09:21:26
"1000540",RU,iOS,organic,0,0.0,0,0,0,0,0,2023-02-04 09:39:15
"1000542",RU,android,organic,0,0.0,1,50,0,0,0,2023-02-04 09:58:31
"1000546",BY,android,organic,0,0.0,0,0,0,0,0,2023-02-04 10:44:57
"1000548",RU,android,organic,0,0.0,4,850,0,0,0,2023-02-04 11:03:23
"1000549",US,android,paid,0,0.0,0,0,0,0,0,2023-02-04 11:09:04
"1000551",US,iOS,organic,0,0.0,0,0,0,0,0,2023-02-04 11:20:39
"1000554",RU,android,organic,0,0.0,0,0,0,0,0,2023-02-04 11:39:47
"1000555",PL,iOS,organic,0,0.0,0,0,0,0,0,2023-02-04 11:49:00
"1000556",RU,android,organic,0,0.0,0,0,0,0,0,2023-02-04 11:54:41
"1000557",KZ,android,paid,0,0.0,4,950,0,0,0,2023-02-04 12:08:16
"1000558",RU,android,organic,0,0.0,4,950,0,0,0,2023-02-04 12:13:57
"1000561",RU,iOS,organic,0,0.0,0,0,0,0,0,2023-02-04 12:38:54
"1000562",DE,android,paid,0,0.0,1,50,0,0,0,2023-02-04 12:43:08
"1000563",US,iOS,paid,0,0.0,0,0,0,0,0,2023-02-04 12:56:43
"1000564",BY,android,organic,0,0.0,0,0,0,0,0,2023-02-04 13:10:18
"1000574",US,iOS,organic,0,0.0,0,0,0,0,0,2023-02-04 14:29:25
"1000575",BY,android,organic,0,0.0,4,850,0,0,0,2023-02-04 14:43:00
"1000576",LT,android,organic,0,0.0,0,0,0,0,0,2023-02-04 14:48:41
"1000577",BY,android,paid,0,0.0,12,4050,0,0,0,2023-02-04 15:02:16
"1000578",RU,iOS,organic,0,0.0,0,0,0,0,0,2023-02-04 15:07:57
"1000579",ES,android,organic,0,0.0,0,0,0,0,0,2023-02-04 15:10:19
"1000581",RU,android,organic,0,0.0,0,0,0,0,0,2023-02-04 15:18:22
"1000582",RU,android,organic,0,0.0,0,0,0,0,0,2023-02-04 15:27:35
"1000584",US,android,organic,0,0.0,0,0,0,0,0,2023-02-04 15:46:01
"1000585",DE,iOS,organic,0,0.0,4,950,0,0,0,2023-02-04 15:59:36
"1000587",RU,iOS,organic,0,0.0,0,0,0,0,0,2023-02-04 16:14:30
"1000589",IT,iOS,organic,0,0.0,0,0,0,0,0,2023-02-04 16:37:18
"1000594",RU,android,organic,0,0.0,0,0,0,0,0,2023-02-04 17:22:46
"1000595",US,android,paid,0,0.0,10,3050,0,0,0,2023-02-04 17:28:27
"1000596",NL,android,paid,0,0.0,0,0,0,0,0,2023-02-04 17:42:02
"1000598",PL,android,organic,0,0.0,0,0,0,0,0,2023-02-04 17:51:57
"1000600",US,android,organic,0,0.0,0,0,0,0,0,2023-02-04 18:11:13
"1000601",CA,android,organic,0,0.0,2,750,0,0,0,2023-02-04 18:15:27
"1000602",PL,iOS,organic,0,0.0,0,0,0,0,0,2023-02-04 18:24:40
"1000603",US,android,organic,0,0.0,0,0,0,0,0,2023-02-04 18:28:54
"1000604",RU,android,organic,0,0.0,0,0,0,0,0,2023-02-04 18:42:29
"1000608",US,android,organic,0,0.0,0,0,0,0,0,2023-02-04 19:08:58
"1000609",US,android,paid,0,0.0,0,0,0,0,0,2023-02-04 19:22:33
"1000610",RU,android,organic,0,0.0,0,0,0,0,0,2023-02-04 19:24:55
"1000611",RU,iOS,paid,0,0.0,0,0,0,0,0,2023-02-04 19:30:36
"1000612",LV,iOS,organic,0,0.0,0,0,0,0,0,2023-02-04 19:44:11
"1000616",IT,iOS,organic,0,0.0,0,0,0,0,0,2023-02-04 20:13:22
"1000617",KZ,iOS,organic,0,0.0,0,0,0,0,0,2023-02-04 20:26:57
"1000619",RU,iOS,organic,0,0.0,0,0,0,0,0,2023-02-04 20:42:54
"1000620",KZ,android,organic,0,0.0,0,0,0,0,0,2023-02-04 20:52:07
"1000622",RU,android,organic,0,0.0,1,650,0,0,0,2023-02-04 21:00:10
"1000623",DE,iOS,organic,0,0.0,1,650,0,0,0,2023-02-04 21:13:45
"1000624",KZ,iOS,paid,0,0.0,0,0,0,0,0,2023-02-04 21:27:20
"1000625",BY,android,organic,0,0.0,0,0,0,0,0,2023-02-04 21:40:55
"1000626",BY,iOS,organic,0,0.0,4,950,0,0,0,2023-02-04 21:50:08
"1000627",ES,android,organic,0,0.0,2,750,0,0,0,2023-02-04 21:52:30
"1000629",US,android,organic,1,99.0,9,2750,0,0,0,2023-02-04 22:10:19
"1000632",GE,android,organic,0,0.0,0,0,0,0,0,2023-02-04 22:33:49
"1000633",KZ,android,organic,0,0.0,0,0,0,0,0,2023-02-04 22:43:02
"1000635",KZ,iOS,organic,0,0.0,4,950,0,0,0,2023-02-04 23:00:51
"1000636",US,android,paid,0,0.0,0,0,0,0,0,2023-02-04 23:10:04
"1000637",RU,android,organic,0,0.0,1,50,0,0,0,2023-02-04 23:12:26
"1000638",RU,iOS,paid,0,0.0,1,50,0,0,0,2023-02-04 23:16:40
"1000643",US,android,organic,0,0.0,0,0,0,0,0,2023-02-04 23:46:46
"1000644",RU,iOS,organic,0,0.0,4,950,0,0,0,2023-02-04 23:55:59
"1000648",US,iOS,organic,0,0.0,1,50,0,0,0,2023-02-05 00:26:50
"1000649",GE,iOS,organic,0,0.0,0,0,0,0,0,2023-02-05 00:32:31
"1000650",ES,android,organic,0,0.0,0,0,0,0,0,2023-02-05 00:46:06
"1000651",CA,iOS,organic,0,0.0,0,0,0,0,0,2023-02-05 00:55:19
"1000652",KZ,android,organic,0,0.0,1,650,0,0,0,2023-02-05 01:08:54
"1000654",US,android,organic,0,0.0,0,0,0,0,0,2023-02-05 01:28:10
"1000655",ES,android,organic,0,0.0,0,0,0,0,0,2023-02-05 01:37:23
"1000657",PL,iOS,organic,0,0.0,0,0,0,0,0,2023-02-05 01:50:50
"1000659",RU,android,paid,0,0.0,0,0,0,0,0,2023-02-05 02:13:38
"1000660",GE,android,organic,1,199.0,5,1150,0,0,0,2023-02-05 02:19:19
"1000662",DE,android,organic,0,0.0,3,850,0,0,0,2023-02-05 02:29:14
"1000663",DE,iOS,organic,0,0.0,0,0,0,0,0,2023-02-05 02:34:55
"1000664",US,android,paid,0,0.0,0,0,0,0,0,2023-02-05 02:40:36
"1000665",DE,iOS,organic,0,0.0,0,0,0,0,0,2023-02-05 02:46:17
"1000666",GE,android,organic,0,0.0,0,0,0,0,0,2023-02-05 02:55:30
"1000670",IT,iOS,organic,0,0.0,0,0,0,0,0,2023-02-05 03:30:43
"1000671",RU,android,paid,0,0.0,10,3050,0,0,0,2023-02-05 03:36:24
"1000672",IT,android,organic,0,0.0,2,650,0,0,0,2023-02-05 03:38:46
"1000674",US,android,paid,0,0.0,4,850,0,0,0,2023-02-05 03:52:13
"1000675",BY,iOS,paid,0,0.0,2,650,0,0,0,2023-02-05 03:56:27
"1000677",RU,android,paid,1,399.0,3,950,0,0,0,2023-02-05 04:23:37
"1000678",BY,iOS,organic,0,0.0,0,0,0,0,0,2023-02-05 04:37:12
"1000680",RU,android,organic,0,0.0,4,850,0,0,0,2023-02-05 05:00:00
"1000683",RU,android,organic,0,0.0,0,0,0,0,0,2023-02-05 05:32:01
"1000684",RU,android,organic,0,0.0,0,0,0,0,0,2023-02-05 05:36:15
"1000686",RU,android,organic,0,0.0,0,0,0,0,0,2023-02-05 05:51:09
"1000687",RU,iOS,organic,0,0.0,10,3050,0,0,0,2023-02-05 06:00:22
"1000688",RU,iOS,organic,0,0.0,0,0,0,0,0,2023-02-05 06:09:35
"1000689",CA,iOS,organic,0,0.0,2,750,0,0,0,2023-02-05 06:23:10
"1000690",PL,android,organic,0,0.0,12,4050,0,0,0,2023-02-05 06:27:24
"1000692",KZ,iOS,organic,0,0.0,0,0,0,0,0,2023-02-05 06:37:19
"1000693",ES,android,organic,0,0.0,1,50,0,0,0,2023-02-05 06:50:54
"1000694",RU,android,organic,1,399.0,3,950,0,0,0,2023-02-05 06:56:35
"1000699",KZ,android,paid,0,0.0,12,4050,0,0,0,2023-02-05 07:34:09
"1000700",US,iOS,paid,0,0.0,1,50,0,0,0,2023-02-05 07:47:44
"1000702",DE,iOS,paid,0,0.0,2,650,0,0,0,2023-02-05 08:07:00
"1000703",BY,android,organic,0,0.0,0,0,0,0,0,2023-02-05 08:16:13
"1000704",RU,android,organic,0,0.0,2,850,0,0,0,2023-02-05 08:25:26
"1000706",LV,iOS,organic,0,0.0,0,0,0,0,0,2023-02-05 08:52:36
"1000710",IT,iOS,organic,1,399.0,3,950,0,0,0,2023-02-05 09:34:40
"1000711",KZ,android,organic,0,0.0,3,750,0,0,0,2023-02-05 09:43:53
"1000712",KZ,iOS,organic,0,0.0,10,3050,0,0,0,2023-02-05 09:49:34
"1000713",US,iOS,organic,0,0.0,0,0,0,0,0,2023-02-05 09:53:48
"1000714",RU,iOS,organic,0,0.0,1,50,0,0,0,2023-02-05 10:03:01
"1000716",DE,iOS,paid,1,399.0,3,950,0,0,0,2023-02-05 10:14:23
"1000717",LT,android,paid,0,0.0,0,0,0,0,0,2023-02-05 10:27:58
"1000718",DE,iOS,paid,0,0.0,2,650,0,0,0,2023-02-05 10:37:11
"1000719",KZ,iOS,organic,0,0.0,0,0,0,0,0,2023-02-05 10:50:46
"1000723",LT,android,organic,0,0.0,0,0,0,0,0,2023-02-05 11:28:28
"1000724",RU,android,organic,0,0.0,0,0,0,0,0,2023-02-05 11:37:41
"1000727",RU,iOS,organic,0,0.0,10,3050,0,0,0,2023-02-05 12:14:04
"1000729",RU,android,organic,0,0.0,0,0,0,0,0,2023-02-05 12:22:32
"1000732",BY,android,paid,0,0.0,0,0,0,0,0,2023-02-05 12:45:12
"1000734",IT,iOS,paid,0,0.0,0,0,0,0,0,2023-02-05 13:00:06
"1000738",US,android,organic,0,0.0,1,50,0,0,0,2023-02-05 13:23:03
"1000740",IT,android,organic,0,0.0,3,750,0,0,0,2023-02-05 13:42:19
"1000741",US,android,organic,0,0.0,0,0,0,0,0,2023-02-05 13:46:33
"1000742",RU,android,organic,0,0.0,0,0,0,0,0,2023-02-05 13:50:47
"1000743",US,android,paid,0,0.0,1,50,0,0,0,2023-02-05 14:00:00
"1000744",IT,iOS,organic,0,0.0,0,0,0,0,0,2023-02-05 14:13:35
"1000745",IT,iOS,organic,0,0.0,6,1150,0,0,0,2023-02-05 14:19:16
"1000746",US,iOS,organic,0,0.0,1,50,0,0,0,2023-02-05 14:24:57
"1000747",US,iOS,organic,0,0.0,0,0,0,0,0,2023-02-05 14:34:10
"1000748",KZ,android,organic,0,0.0,0,0,0,0,0,2023-02-05 14:47:45
"1000749",RU,iOS,paid,0,0.0,0,0,0,0,0,2023-02-05 14:50:07
"1000750",PL,android,organic,0,0.0,0,0,0,0,0,2023-02-05 14:52:29
"1000751",KZ,android,organic,0,0.0,3,750,0,0,0,2023-02-05 15:06:04
"1000752",US,iOS,organic,0,0.0,0,0,0,0,0,2023-02-05 15:10:18
"1000754",RU,android,organic,0,0.0,0,0,0,0,0,2023-02-05 15:29:34
"1000755",RU,android,organic,0,0.0,0,0,0,0,0,2023-02-05 15:43:09
"1000757",KZ,android,paid,0,0.0,0,0,0,0,0,2023-02-05 16:00:58
"1000758",ES,android,organic,0,0.0,0,0,0,0,0,2023-02-05 16:05:12
"1000761",RU,android,organic,0,0.0,2,650,0,0,0,2023-02-05 16:29:19
"1000762",US,iOS,organic,0,0.0,0,0,0,0,0,2023-02-05 16:42:54
"1000764",US,android,paid,0,0.0,4,950,0,0,0,2023-02-05 16:54:29
"1000765",CA,iOS,organic,1,199.0,5,1150,0,0,0,2023-02-05 17:08:04
"1000766",LV,android,organic,0,0.0,6,1150,0,0,0,2023-02-05 17:21:39
"1000770",PL,iOS,paid,0,0.0,0,0,0,0,0,2023-02-05 17:52:30
"1000772",US,iOS,paid,0,0.0,3,750,0,0,0,2023-02-05 18:15:18
"1000773",DE,iOS,organic,0,0.0,4,850,0,0,0,2023-02-05 18:20:59
"1000775",IT,iOS,organic,0,0.0,0,0,0,0,0,2023-02-05 18:40:15
"1000776",RU,android,paid,0,0.0,0,0,0,0,0,2023-02-05 18:53:50
"1000777",RU,iOS,organic,0,0.0,2,650,0,0,0,2023-02-05 18:58:04
"1000778",DE,android,organic,0,0.0,12,4050,0,0,0,2023-02-05 19:03:45
"1000782",ES,android,organic,0,0.0,0,0,0,0,0,2023-02-05 19:34:36
"1000783",RU,android,organic,0,0.0,0,0,0,0,0,2023-02-05 19:40:17
"1000787",US,android,organic,0,0.0,0,0,0,0,0,2023-02-05 20:16:32
"1000788",RU,iOS,organic,0,0.0,0,0,0,0,0,2023-02-05 20:22:13
"1000790",KZ,iOS,organic,0,0.0,0,0,0,0,0,2023-02-05 20:45:01
"1000793",ES,android,organic,0,0.0,0,0,0,0,0,2023-02-05 21:05:36
"1000799",BY,android,paid,0,0.0,0,0,0,0,0,2023-02-05 21:58:12
"1000800",US,android,organic,0,0.0,10,3050,0,0,0,2023-02-05 22:03:53
"1000801",NL,android,paid,0,0.0,0,0,0,0,0,2023-02-05 22:08:07
"1000803",KZ,android,organic,0,0.0,0,0,0,0,0,2023-02-05 22:21:34
"1000810",PL,android,organic,0,0.0,0,0,0,0,0,2023-02-05 23:14:52
"1000812",PL,android,organic,0,0.0,0,0,0,0,0,2023-02-05 23:33:18
"1000813",DE,android,organic,0,0.0,1,50,0,0,0,2023-02-05 23:46:53
"1000814",US,android,paid,0,0.0,0,0,0,0,0,2023-02-05 23:49:15
"1000816",RU,android,organic,0,0.0,2,650,0,0,0,2023-02-06 00:07:41
"1000817",RU,android,organic,0,0.0,0,0,0,0,0,2023-02-06 00:13:22
"1000819",GE,android,organic,0,0.0,1,50,0,0,0,2023-02-06 00:31:11
"1000823",PL,iOS,paid,0,0.0,0,0,0,0,0,2023-02-06 01:12:25
"1000825",ES,android,organic,0,0.0,6,1150,0,0,0,2023-02-06 01:30:14
"1000826",NL,android,organic,0,0.0,0,0,0,0,0,2023-02-06 01:35:55
"1000828",RU,android,organic,0,0.0,0,0,0,0,0,2023-02-06 01:58:43
"1000829",US,iOS,organic,0,0.0,0,0,0,0,0,2023-02-06 02:04:24
"1000834",CA,android,organic,0,0.0,0,0,0,0,0,2023-02-06 02:47:47
"1000835",CA,android,organic,0,0.0,0,0,0,0,0,2023-02-06 03:01:22
"1000837",US,android,organic,0,0.0,2,650,0,0,0,2023-02-06 03:20:38
"1000838",US,android,organic,0,0.0,0,0,0,0,0,2023-02-06 03:29:51
"1000841",KZ,android,organic,0,0.0,0,0,0,0,0,2023-02-06 03:50:26
"1000842",RU,iOS,organic,0,0.0,4,950,0,0,0,2023-02-06 03:59:39
"1000846",RU,android,organic,0,0.0,0,0,0,0,0,2023-02-06 04:38:11
"1000848",RU,android,organic,0,0.0,0,0,0,0,0,2023-02-06 05:05:21
"1000849",GE,iOS,paid,0,0.0,10,3050,0,0,0,2023-02-06 05:14:34
"1000850",RU,android,organic,0,0.0,0,0,0,0,0,2023-02-06 05:28:09
"1000852",US,iOS,paid,0,0.0,4,950,0,0,0,2023-02-06 05:50:57
"1000853",RU,android,organic,0,0.0,3,750,0,0,0,2023-02-06 06:00:10
"1000857",RU,android,paid,0,0.0,0,0,0,0,0,2023-02-06 06:33:56
"1000858",PL,android,organic,0,0.0,10,3050,0,0,0,2023-02-06 06:43:09
"1000859",ES,android,paid,0,0.0,0,0,0,0,0,2023-02-06 06:47:23
"1000860",US,iOS,organic,0,0.0,0,0,0,0,0,2023-02-06 06:56:36
"1000861",RU,android,organic,0,0.0,0,0,0,0,0,2023-02-06 07:00:50
"1000862",KZ,iOS,organic,0,0.0,0,0,0,0,0,2023-02-06 07:14:25
"1000863",IT,android,organic,0,0.0,0,0,0,0,0,2023-02-06 07:18:39
"1000865",RU,android,organic,0,0.0,0,0,0,0,0,2023-02-06 07:26:42
"1000866",BY,iOS,paid,0,0.0,0,0,0,0,0,2023-02-06 07:29:04
"1000873",RU,android,paid,0,0.0,0,0,0,0,0,2023-02-06 08:24:02
"1000874",PL,android,organic,1,499.0,2,950,0,0,0,2023-02-06 08:33:15
"1000878",RU,android,organic,0,0.0,10,3050,0,0,0,2023-02-06 09:10:57
"1000879",US,iOS,organic,0,0.0,0,0,0,0,0,2023-02-06 09:16:38
"1000880",PL,android,organic,0,0.0,0,0,0,0,0,2023-02-06 09:30:13
"1000881",US,iOS,organic,0,0.0,0,0,0,0,0,2023-02-06 09:39:26
"1000882",DE,android,organic,0,0.0,0,0,0,0,0,2023-02-06 09:53:01
"1000883",BY,android,paid,0,0.0,1,50,0,0,0,2023-02-06 10:02:14
"1000884",RU,iOS,organic,0,0.0,0,0,0,0,0,2023-02-06 10:15:49
"1000885",IT,iOS,organic,0,0.0,0,0,0,0,0,2023-02-06 10:25:02
"1000889",IT,android,organic,0,0.0,3,750,0,0,0,2023-02-06 10:46:19
"1000890",RU,iOS,organic,0,0.0,0,0,0,0,0,2023-02-06 10:59:54
"1000894",GE,android,organic,0,0.0,0,0,0,0,0,2023-02-06 11:40:31
"1000895",RU,android,organic,0,0.0,0,0,0,0,0,2023-02-06 11:46:12
"1000897",NL,android,paid,0,0.0,0,0,0,0,0,2023-02-06 12:02:09
"1000901",NL,android,organic,0,0.0,0,0,0,0,0,2023-02-06 12:34:52
"1000902",PL,android,organic,0,0.0,0,0,0,0,0,2023-02-06 12:44:05
"1000904",BY,android,organic,0,0.0,0,0,0,0,0,2023-02-06 12:54:00
"1000905",RU,iOS,organic,0,0.0,2,650,0,0,0,2023-02-06 13:07:35
"1000907",KZ,android,organic,0,0.0,0,0,0,0,0,2023-02-06 13:25:24
"1000908",RU,iOS,organic,0,0.0,0,0,0,0,0,2023-02-06 13:29:38
"1000914",NL,iOS,paid,0,0.0,0,0,0,0,0,2023-02-06 14:17:28
"1000915",PL,iOS,organic,0,0.0,0,0,0,0,0,2023-02-06 14:26:41
"1000916",RU,android,organic,0,0.0,0,0,0,0,0,2023-02-06 14:40:16
"1000918",BY,android,organic,0,0.0,0,0,0,0,0,2023-02-06 14:56:13
"1000919",IT,android,organic,0,0.0,0,0,0,0,0,2023-02-06 15:05:26
"1000922",ES,android,organic,0,0.0,2,650,0,0,0,2023-02-06 15:22:42
"1000923",KZ,android,paid,0,0.0,0,0,0,0,0,2023-02-06 15:31:55
"1000924",US,android,organic,0,0.0,3,750,0,0,0,2023-02-06 15:36:09
"1000925",US,android,organic,0,0.0,0,0,0,0,0,2023-02-06 15:45:22
"1000927",KZ,android,organic,0,0.0,0,0,0,0,0,2023-02-06 16:03:11
"1000931",DE,android,organic,0,0.0,2,650,0,0,0,2023-02-06 16:32:59
"1000932",RU,android,paid,0,0.0,0,0,0,0,0,2023-02-06 16:42:12
"1000933",GE,android,paid,0,0.0,0,0,0,0,0,2023-02-06 16:44:34
"1000934",US,android,organic,0,0.0,0,0,0,0,0,2023-02-06 16:48:48
"1000935",GE,android,paid,0,0.0,0,0,0,0,0,2023-02-06 17:02:23
"1000936",RU,iOS,organic,0,0.0,3,750,0,0,0,2023-02-06 17:08:04
"1000937",RU,iOS,organic,0,0.0,0,0,0,0,0,2023-02-06 17:13:45
"1000938",ES,android,organic,0,0.0,0,0,0,0,0,2023-02-06 17:19:26
"1000939",NL,android,organic,0,0.0,0,0,0,0,0,2023-02-06 17:23:40
"1000942",RU,android,organic,0,0.0,0,0,0,0,0,2023-02-06 17:51:19
"1000943",KZ,android,organic,0,0.0,10,3050,0,0,0,2023-02-06 17:55:33
"1000945",BY,android,paid,0,0.0,0,0,0,0,0,2023-02-06 18:07:08
"1000946",US,iOS,organic,0,0.0,1,50,0,0,0,2023-02-06 18:11:22
"1000949",GE,android,organic,0,0.0,0,0,0,0,0,2023-02-06 18:33:00
"1000950",KZ,iOS,organic,0,0.0,9,3050,0,0,0,2023-02-06 18:46:35
"1000953",DE,iOS,organic,0,0.0,2,650,0,0,0,2023-02-06 19:15:04
"1000954",ES,android,organic,0,0.0,0,0,0,0,0,2023-02-06 19:28:39
"1000956",DE,android,organic,0,0.0,1,50,0,0,0,2023-02-06 19:43:33
"1000957",KZ,android,paid,0,0.0,0,0,0,0,0,2023-02-06 19:57:08
"1000959",US,android,organic,0,0.0,0,0,0,0,0,2023-02-06 20:19:56
"1000961",PL,android,organic,0,0.0,2,750,0,0,0,2023-02-06 20:34:50
"1000963",DE,iOS,organic,0,0.0,1,50,0,0,0,2023-02-06 20:57:38
"1000966",RU,android,organic,0,0.0,0,0,0,0,0,2023-02-06 21:29:02
"1000967",RU,iOS,organic,0,0.0,0,0,0,0,0,2023-02-06 21:38:15
"1000968",PL,iOS,organic,0,0.0,12,4050,0,0,0,2023-02-06 21:42:29
"1000970",KZ,iOS,organic,0,0.0,1,50,0,0,0,2023-02-06 21:57:23
"1000971",DE,iOS,paid,0,0.0,0,0,0,0,0,2023-02-06 22:01:37
"1000972",KZ,iOS,organic,0,0.0,0,0,0,0,0,2023-02-06 22:10:50
"1000973",RU,android,organic,0,0.0,0,0,0,0,0,2023-02-06 22:24:25
"1000974",KZ,iOS,organic,0,0.0,1,50,0,0,0,2023-02-06 22:33:38
"1000975",US,android,organic,0,0.0,0,0,0,0,0,2023-02-06 22:42:51
"1000977",RU,android,paid,0,0.0,2,650,0,0,0,2023-02-06 23:05:39
"1000980",IT,iOS,organic,0,0.0,0,0,0,0,0,2023-02-06 23:16:04
"1000983",RU,iOS,organic,0,0.0,0,0,0,0,0,2023-02-06 23:41:14
"1000984",US,iOS,organic,0,0.0,0,0,0,0,0,2023-02-06 23:50:27
"1000987",DE,iOS,organic,0,0.0,0,0,0,0,0,2023-02-07 00:10:38
"1000988",RU,android,organic,0,0.0,10,3050,0,0,0,2023-02-07 00:19:51
"1000989",RU,iOS,organic,0,0.0,0,0,0,0,0,2023-02-07 00:25:32
"1000990",NL,android,organic,0,0.0,0,0,0,0,0,2023-02-07 00:34:45
"1000991",NL,android,organic,0,0.0,2,650,0,0,0,2023-02-07 00:48:20
"1000995",RU,android,organic,0,0.0,0,0,0,0,0,2023-02-07 01:06:31
"1000996",DE,android,organic,0,0.0,0,0,0,0,0,2023-02-07 01:15:44
"1001001",GE,android,organic,0,0.0,0,0,0,0,0,2023-02-07 01:45:25
"1001002",RU,iOS,organic,0,0.0,0,0,0,0,0,2023-02-07 01:49:39
"1001003",DE,android,organic,0,0.0,0,0,0,0,0,2023-02-07 01:55:20
"1001005",BY,android,organic,0,0.0,0,0,0,0,0,2023-02-07 02:14:36
"1001009",RU,android,organic,0,0.0,0,0,0,0,0,2023-02-07 02:52:18
"1001011",KZ,android,organic,0,0.0,2,750,0,0,0,2023-02-07 03:00:21
"1001015",RU,iOS,organic,1,99.0,9,2750,0,0,0,2023-02-07 03:36:36
"1001017",PL,android,organic,0,0.0,0,0,0,0,0,2023-02-07 03:55:52
"1001020",US,iOS,paid,0,0.0,4,950,0,0,0,2023-02-07 04:17:55
"1001021",RU,iOS,organic,0,0.0,0,0,0,0,0,2023-02-07 04:23:36
"1001022",RU,android,organic,0,0.0,0,0,0,0,0,2023-02-07 04:37:11
"1001024",CA,iOS,organic,0,0.0,0,0,0,0,0,2023-02-07 04:55:37
"1001025",RU,android,paid,0,0.0,0,0,0,0,0,2023-02-07 05:01:18
"1001026",DE,iOS,organic,0,0.0,2,650,0,0,0,2023-02-07 05:10:31
"1001027",DE,android,organic,0,0.0,3,750,0,0,0,2023-02-07 05:24:06
"1001032",BY,android,organic,0,0.0,0,0,0,0,0,2023-02-07 06:16:13
"1001033",US,android,organic,0,0.0,0,0,0,0,0,2023-02-07 06:21:54
"1001034",US,android,organic,0,0.0,12,4050,0,0,0,2023-02-07 06:31:07
"1001037",RU,android,organic,0,0.0,0,0,0,0,0,2023-02-07 06:41:32
"1001038",RU,android,organic,0,0.0,0,0,0,0,0,2023-02-07 06:55:07
"1001039",DE,android,organic,0,0.0,0,0,0,0,0,2023-02-07 07:04:20
"1001040",RU,android,organic,0,0.0,0,0,0,0,0,2023-02-07 07:17:55
"1001044",DE,android,organic,0,0.0,0,0,0,0,0,2023-02-07 07:52:05
"1001045",RU,android,organic,0,0.0,0,0,0,0,0,2023-02-07 08:05:40
"1001047",RU,iOS,organic,0,0.0,0,0,0,0,0,2023-02-07 08:20:34
"1001054",GE,android,paid,0,0.0,0,0,0,0,0,2023-02-07 09:34:02
"1001055",KZ,android,organic,0,0.0,2,750,0,0,0,2023-02-07 09:36:24
"1001057",ES,android,organic,0,0.0,0,0,0,0,0,2023-02-07 09:43:00
"1001058",BY,android,organic,0,0.0,0,0,0,0,0,2023-02-07 09:56:35
"1001067",KZ,android,organic,0,0.0,0,0,0,0,0,2023-02-07 11:03:33
"1001071",US,android,organic,0,0.0,3,850,0,0,0,2023-02-07 11:28:35
"1001072",RU,iOS,paid,0,0.0,1,50,0,0,0,2023-02-07 11:30:57
"1001073",RU,android,paid,0,0.0,4,950,0,0,0,2023-02-07 11:44:32
"1001074",KZ,android,organic,0,0.0,0,0,0,0,0,2023-02-07 11:48:46
"1001077",PL,iOS,organic,0,0.0,0,0,0,0,0,2023-02-07 12:09:21
"1001080",US,android,organic,0,0.0,4,950,0,0,0,2023-02-07 12:45:44
"1001081",PL,android,paid,0,0.0,0,0,0,0,0,2023-02-07 12:59:19
"1001082",CA,iOS,organic,0,0.0,0,0,0,0,0,2023-02-07 13:01:41
"1001084",US,iOS,paid,0,0.0,0,0,0,0,0,2023-02-07 13:16:35
"1001085",IT,iOS,organic,0,0.0,0,0,0,0,0,2023-02-07 13:25:48
"1001087",RU,android,organic,0,0.0,0,0,0,0,0,2023-02-07 13:52:58
"1001089",GE,android,organic,0,0.0,0,0,0,0,0,2023-02-07 14:11:24
"1001092",DE,iOS,organic,0,0.0,0,0,0,0,0,2023-02-07 14:30:32
"1001093",US,android,organic,0,0.0,2,650,0,0,0,2023-02-07 14:32:54
"1001099",IT,iOS,organic,0,0.0,4,950,0,0,0,2023-02-07 15:15:07
"1001100",RU,iOS,organic,0,0.0,12,4050,0,0,0,2023-02-07 15:28:42
"1001101",RU,iOS,paid,0,0.0,0,0,0,0,0,2023-02-07 15:42:17
"1001102",DE,android,organic,0,0.0,0,0,0,0,0,2023-02-07 15:51:30
"1001104",IT,android,paid,0,0.0,0,0,0,0,0,2023-02-07 16:10:46
"1001105",RU,iOS,organic,0,0.0,12,4050,0,0,0,2023-02-07 16:24:21
"1001106",RU,android,organic,0,0.0,0,0,0,0,0,2023-02-07 16:28:35
"1001107",BY,android,organic,0,0.0,3,850,0,0,0,2023-02-07 16:34:16
"1001108",RU,android,organic,0,0.0,0,0,0,0,0,2023-02-07 16:43:29
"1001109",KZ,android,paid,0,0.0,0,0,0,0,0,2023-02-07 16:52:42
"1001111",BY,android,organic,0,0.0,0,0,0,0,0,2023-02-07 16:59:18
"1001113",DE,android,organic,0,0.0,0,0,0,0,0,2023-02-07 17:22:06
"1001115",BY,iOS,organic,0,0.0,0,0,0,0,0,2023-02-07 17:30:09
"1001116",BY,android,organic,1,299.0,8,4250,0,0,0,2023-02-07 17:34:23
"1001117",US,android,organic,0,0.0,0,0,0,0,0,2023-02-07 17:47:58
"1001118",US,android,organic,0,0.0,0,0,0,0,0,2023-02-07 17:57:11
"1001119",BY,android,organic,0,0.0,4,850,0,0,0,2023-02-07 18:02:52
"1001121",RU,iOS,organic,0,0.0,0,0,0,0,0,2023-02-07 18:21:18
"1001122",RU,iOS,organic,0,0.0,0,0,0,0,0,2023-02-07 18:25:32
"1001123",KZ,android,paid,0,0.0,0,0,0,0,0,2023-02-07 18:27:54
"1001124",GE,iOS,organic,0,0.0,3,750,0,0,0,2023-02-07 18:41:29
"1001125",BY,iOS,paid,0,0.0,0,0,0,0,0,2023-02-07 18:47:10
"1001127",BY,android,organic,0,0.0,4,950,0,0,0,2023-02-07 19:05:36
"1001131",GE,android,paid,0,0.0,0,0,0,0,0,2023-02-07 19:40:49
"1001132",US,iOS,paid,0,0.0,0,0,0,0,0,2023-02-07 19:45:03
"1001133",BY,android,organic,0,0.0,10,3050,0,0,0,2023-02-07 19:54:16
"1001134",RU,android,organic,0,0.0,0,0,0,0,0,2023-02-07 19:59:57
"1001135",RU,android,organic,0,0.0,2,650,0,0,0,2023-02-07 20:13:32
"1001136",US,iOS,organic,0,0.0,0,0,0,0,0,2023-02-07 20:22:45
"1001138",RU,android,organic,0,0.0,12,4050,0,0,0,2023-02-07 20:45:33
"1001139",GE,iOS,organic,0,0.0,0,0,0,0,0,2023-02-07 20:54:46
"1001141",RU,android,paid,0,0.0,0,0,0,0,0,2023-02-07 21:06:21
"1001142",RU,android,paid,0,0.0,0,0,0,0,0,2023-02-07 21:10:35
"1001144",DE,android,organic,0,0.0,0,0,0,0,0,2023-02-07 21:24:02
"1001145",ES,iOS,organic,0,0.0,0,0,0,0,0,2023-02-07 21:26:24
"1001146",BY,iOS,organic,0,0.0,0,0,0,0,0,2023-02-07 21:39:59
"1001147",KZ,iOS,organic,0,0.0,1,50,0,0,0,2023-02-07 21:42:21
"1001149",ES,android,organic,0,0.0,4,950,0,0,0,2023-02-07 21:52:16
"1001151",RU,iOS,organic,0,0.0,6,1150,0,0,0,2023-02-07 22:07:10
"1001152",US,iOS,paid,0,0.0,0,0,0,0,0,2023-02-07 22:16:23
"1001153",US,android,paid,0,0.0,4,950,0,0,0,2023-02-07 22:22:04
"1001154",RU,android,organic,0,0.0,0,0,0,0,0,2023-02-07 22:27:45
"1001156",RU,android,organic,0,0.0,3,750,0,0,0,2023-02-07 22:47:01
"1001158",RU,android,organic,0,0.0,0,0,0,0,0,2023-02-07 23:09:49
"1001159",GE,iOS,organic,0,0.0,10,3050,0,0,0,2023-02-07 23:19:02
"1001160",GE,android,organic,0,0.0,4,950,0,0,0,2023-02-07 23:28:15
"1001161",RU,android,paid,0,0.0,10,3050,0,0,0,2023-02-07 23:33:56
"1001162",DE,iOS,organic,0,0.0,0,0,0,0,0,2023-02-07 23:38:10
"1001167",DE,android,organic,0,0.0,0,0,0,0,0,2023-02-08 00:16:47
"1001171",DE,iOS,organic,0,0.0,0,0,0,0,0,2023-02-08 00:44:06
"1001172",DE,iOS,paid,0,0.0,0,0,0,0,0,2023-02-08 00:49:47
"1001177",RU,iOS,organic,0,0.0,0,0,0,0,0,2023-02-08 01:37:45
"1001178",RU,android,organic,0,0.0,0,0,0,0,0,2023-02-08 01:41:59
"1001179",RU,android,organic,0,0.0,0,0,0,0,0,2023-02-08 01:51:12
"1001183",DE,iOS,organic,0,0.0,1,50,0,0,0,2023-02-08 02:22:03
"1001186",RU,android,organic,0,0.0,4,950,0,0,0,2023-02-08 02:39:19
"1001187",RU,android,paid,0,0.0,0,0,0,0,0,2023-02-08 02:48:32
"1001188",ES,android,organic,0,0.0,4,850,0,0,0,2023-02-08 02:57:45
"1001189",US,android,paid,0,0.0,0,0,0,0,0,2023-02-08 03:11:20
"1001190",BY,android,organic,0,0.0,10,3050,0,0,0,2023-02-08 03:17:01
"1001191",RU,android,organic,1,299.0,8,4250,0,0,0,2023-02-08 03:26:14
"1001193",RU,android,organic,0,0.0,0,0,0,0,0,2023-02-08 03:37:49
"1001194",NL,android,organic,0,0.0,0,0,0,0,0,2023-02-08 03:42:03
"1001195",KZ,android,organic,0,0.0,0,0,0,0,0,2023-02-08 03:51:16
"1001197",ES,android,organic,0,0.0,4,850,0,0,0,2023-02-08 04:09:05
"1001199",IT,iOS,paid,0,0.0,6,1150,0,0,0,2023-02-08 04:36:15
"1001200",RU,iOS,organic,0,0.0,0,0,0,0,0,2023-02-08 04:41:56
"1001201",KZ,android,organic,0,0.0,0,0,0,0,0,2023-02-08 04:47:37
"1001203",RU,android,organic,0,0.0,1,50,0,0,0,2023-02-08 05:14:47
"1001205",US,android,organic,0,0.0,2,650,0,0,0,2023-02-08 05:26:22
"1001207",US,iOS,organic,0,0.0,0,0,0,0,0,2023-02-08 05:45:38
"1001209",LT,android,organic,1,99.0,9,2750,0,0,0,2023-02-08 06:04:54
"1001211",DE,android,organic,0,0.0,0,0,0,0,0,2023-02-08 06:19:48
"1001213",CA,iOS,organic,0,0.0,10,3050,0,0,0,2023-02-08 06:39:04
"1001215",DE,android,organic,0,0.0,2,650,0,0,0,2023-02-08 06:58:20
"1001220",KZ,iOS,paid,0,0.0,0,0,0,0,0,2023-02-08 07:58:21
"1001221",CA,iOS,organic,0,0.0,0,0,0,0,0,2023-02-08 08:07:34
"1001223",DE,android,paid,0,0.0,3,750,0,0,0,2023-02-08 08:30:22
"1001224",US,iOS,organic,0,0.0,0,0,0,0,0,2023-02-08 08:32:44
"1001225",KZ,android,organic,0,0.0,0,0,0,0,0,2023-02-08 08:38:25
"1001226",PL,android,organic,0,0.0,0,0,0,0,0,2023-02-08 08:44:06
"1001230",RU,android,paid,0,0.0,0,0,0,0,0,2023-02-08 09:08:55
"1001232",DE,iOS,organic,0,0.0,0,0,0,0,0,2023-02-08 09:31:43
"1001233",DE,iOS,organic,0,0.0,3,750,0,0,0,2023-02-08 09:40:56
"1001234",DE,android,organic,0,0.0,0,0,0,0,0,2023-02-08 09:54:31
"1001235",CA,iOS,organic,0,0.0,0,0,0,0,0,2023-02-08 10:08:06
"1001236",NL,android,organic,0,0.0,10,3050,0,0,0,2023-02-08 10:12:20
"1001239",RU,iOS,organic,0,0.0,0,0,0,0,0,2023-02-08 10:32:55
"1001243",PL,android,organic,0,0.0,0,0,0,0,0,2023-02-08 11:14:09
"1001244",LV,android,organic,0,0.0,0,0,0,0,0,2023-02-08 11:19:50
"1001245",PL,android,organic,0,0.0,4,950,0,0,0,2023-02-08 11:24:04
"1001247",BY,iOS,organic,1,399.0,3,950,0,0,0,2023-02-08 11:42:30
"1001248",CA,iOS,paid,0,0.0,4,950,0,0,0,2023-02-08 11:56:05
"1001250",ES,iOS,paid,0,0.0,10,3050,0,0,0,2023-02-08 12:10:59
"1001251",US,iOS,organic,0,0.0,12,4050,0,0,0,2023-02-08 12:16:40
"1001253",ES,android,organic,0,0.0,11,4050,0,0,0,2023-02-08 12:31:34
"1001254",PL,iOS,organic,0,0.0,0,0,0,0,0,2023-02-08 12:45:09
"1001257",US,iOS,organic,0,0.0,3,750,0,0,0,2023-02-08 13:00:58
"1001258",CA,android,paid,0,0.0,0,0,0,0,0,2023-02-08 13:14:33
"1001259",ES,android,paid,0,0.0,2,650,0,0,0,2023-02-08 13:23:46
"1001261",GE,android,organic,0,0.0,11,4050,0,0,0,2023-02-08 13:37:13
"1001262",US,android,organic,0,0.0,0,0,0,0,0,2023-02-08 13:46:26
"1001263",US,android,organic,0,0.0,0,0,0,0,0,2023-02-08 13:50:40
"1001264",US,android,paid,0,0.0,1,50,0,0,0,2023-02-08 14:04:15
"1001266",GE,android,organic,0,0.0,0,0,0,0,0,2023-02-08 14:15:50
"1001269",KZ,android,paid,0,0.0,1,50,0,0,0,2023-02-08 14:44:19
"1001270",IT,android,organic,0,0.0,0,0,0,0,0,2023-02-08 14:57:54
"1001272",PL,iOS,paid,0,0.0,2,650,0,0,0,2023-02-08 15:17:10
"1001273",PL,iOS,organic,0,0.0,1,50,0,0,0,2023-02-08 15:30:45
"1001274",KZ,android,organic,0,0.0,0,0,0,0,0,2023-02-08 15:34:59
"1001275",KZ,android,organic,0,0.0,0,0,0,0,0,2023-02-08 15:48:34
"1001276",DE,iOS,paid,0,0.0,0,0,0,0,0,2023-02-08 16:02:09
"1001277",US,iOS,organic,0,0.0,0,0,0,0,0,2023-02-08 16:06:23
"1001281",GE,iOS,organic,0,0.0,0,0,0,0,0,2023-02-08 16:56:21
"1001284",IT,iOS,paid,0,0.0,4,950,0,0,0,2023-02-08 17:28:22
"1001285",BY,iOS,organic,0,0.0,0,0,0,0,0,2023-02-08 17:37:35
"1001287",RU,iOS,organic,0,0.0,0,0,0,0,0,2023-02-08 17:56:01
"1001289",RU,android,organic,0,0.0,0,0,0,0,0,2023-02-08 18:07:36
"1001290",RU,iOS,organic,0,0.0,1,50,0,0,0,2023-02-08 18:16:49
"1001291",RU,android,paid,0,0.0,0,0,0,0,0,2023-02-08 18:19:11
"1001292",US,iOS,organic,0,0.0,4,850,0,0,0,2023-02-08 18:21:33
"1001293",BY,iOS,organic,0,0.0,0,0,0,0,0,2023-02-08 18:23:55
"1001294",BY,iOS,paid,0,0.0,4,850,0,0,0,2023-02-08 18:29:36
"1001298",PL,iOS,paid,0,0.0,0,0,0,0,0,2023-02-08 18:51:06
"1001299",US,android,organic,0,0.0,0,0,0,0,0,2023-02-08 19:00:19
"1001300",PL,android,organic,0,0.0,2,650,0,0,0,2023-02-08 19:13:54
"1001301",KZ,android,organic,0,0.0,0,0,0,0,0,2023-02-08 19:16:16
"1001302",GE,iOS,organic,0,0.0,11,4050,0,0,0,2023-02-08 19:29:51
"1001303",RU,iOS,paid,0,0.0,2,650,0,0,0,2023-02-08 19:34:05
"1001304",DE,android,organic,0,0.0,0,0,0,0,0,2023-02-08 19:39:46
"1001305",IT,android,organic,0,0.0,10,3050,0,0,0,2023-02-08 19:45:27
"1001306",IT,android,organic,0,0.0,0,0,0,0,0,2023-02-08 19:54:40
"1001308",PL,iOS,paid,0,0.0,0,0,0,0,0,2023-02-08 20:17:28
"1001309",RU,android,organic,0,0.0,0,0,0,0,0,2023-02-08 20:31:03
"1001311",KZ,iOS,organic,0,0.0,10,3050,0,0,0,2023-02-08 20:45:57
"1001313",BY,android,organic,0,0.0,0,0,0,0,0,2023-02-08 20:55:52
"1001314",BY,android,organic,0,0.0,1,50,0,0,0,2023-02-08 21:09:27
"1001315",KZ,android,paid,0,0.0,0,0,0,0,0,2023-02-08 21:18:40
"1001316",LT,iOS,organic,0,0.0,0,0,0,0,0,2023-02-08 21:27:53
"1001317",PL,android,paid,0,0.0,1,50,0,0,0,2023-02-08 21:41:28
"1001322",KZ,iOS,organic,0,0.0,6,1150,0,0,0,2023-02-08 22:26:19
"1001323",RU,android,organic,0,0.0,0,0,0,0,0,2023-02-08 22:35:32
"1001326",IT,android,paid,0,0.0,0,0,0,0,0,2023-02-08 23:11:55
"1001328",NL,android,paid,0,0.0,3,850,0,0,0,2023-02-08 23:39:05
"1001330",IT,android,organic,0,0.0,0,0,0,0,0,2023-02-08 23:56:54
"1001331",ES,iOS,organic,0,0.0,0,0,0,0,0,2023-02-08 23:59:16
"1001333",KZ,android,organic,0,0.0,2,850,0,0,0,2023-02-09 00:22:04
"1001335",IT,android,paid,0,0.0,3,750,0,0,0,2023-02-09 00:35:31
"1001339",BY,android,organic,0,0.0,0,0,0,0,0,2023-02-09 01:17:35
"1001342",IT,android,organic,0,0.0,0,0,0,0,0,2023-02-09 01:58:20
"1001343",LV,android,organic,0,0.0,0,0,0,0,0,2023-02-09 02:04:01
"1001344",PL,iOS,organic,0,0.0,0,0,0,0,0,2023-02-09 02:17:36
"1001345",PL,iOS,organic,0,0.0,4,950,0,0,0,2023-02-09 02:26:49
"1001346",RU,android,paid,0,0.0,1,50,0,0,0,2023-02-09 02:29:11
"1001347",NL,android,organic,0,0.0,10,3050,0,0,0,2023-02-09 02:34:52
"1001350",RU,android,organic,0,0.0,0,0,0,0,0,2023-02-09 03:00:02
"1001351",RU,android,organic,0,0.0,0,0,0,0,0,2023-02-09 03:02:24
"1001352",RU,android,organic,0,0.0,0,0,0,0,0,2023-02-09 03:11:37
"1001354",US,iOS,organic,0,0.0,2,750,0,0,0,2023-02-09 03:26:31
"1001355",US,android,organic,0,0.0,0,0,0,0,0,2023-02-09 03:35:44
"1001357",RU,iOS,organic,0,0.0,0,0,0,0,0,2023-02-09 03:51:41
"1001358",RU,android,organic,0,0.0,3,750,0,0,0,2023-02-09 04:00:54
"1001360",BY,android,paid,0,0.0,3,750,0,0,0,2023-02-09 04:15:48
"1001361",RU,iOS,paid,0,0.0,9,3050,0,0,0,2023-02-09 04:29:23
"1001362",RU,iOS,organic,0,0.0,3,750,0,0,0,2023-02-09 04:38:36
"1001364",PL,iOS,organic,0,0.0,0,0,0,0,0,2023-02-09 04:56:25
"1001367",RU,android,organic,0,0.0,0,0,0,0,0,2023-02-09 05:29:16
"1001368",IT,iOS,paid,0,0.0,0,0,0,0,0,2023-02-09 05:38:29
"1001371",IT,android,organic,0,0.0,0,0,0,0,0,2023-02-09 06:00:07
"1001372",RU,android,organic,0,0.0,0,0,0,0,0,2023-02-09 06:13:42
"1001373",KZ,android,organic,0,0.0,3,750,0,0,0,2023-02-09 06:19:23
"1001374",US,iOS,organic,0,0.0,0,0,0,0,0,2023-02-09 06:25:04
"1001375",ES,iOS,organic,0,0.0,0,0,0,0,0,2023-02-09 06:34:17
"1001376",CA,iOS,organic,0,0.0,0,0,0,0,0,2023-02-09 06:38:31
"1001378",RU,android,organic,0,0.0,0,0,0,0,0,2023-02-09 06:56:20
"1001379",ES,iOS,organic,0,0.0,0,0,0,0,0,2023-02-09 07:09:55
"1001381",PL,android,organic,0,0.0,0,0,0,0,0,2023-02-09 07:28:21
"1001382",RU,iOS,organic,0,0.0,1,50,0,0,0,2023-02-09 07:37:34
"1001385",US,android,organic,0,0.0,0,0,0,0,0,2023-02-09 07:53:23
"1001386",LV,android,organic,0,0.0,12,4050,0,0,0,2023-02-09 07:59:04
"1001389",US,android,organic,0,0.0,0,0,0,0,0,2023-02-09 08:16:20
"1001391",GE,android,organic,0,0.0,0,0,0,0,0,2023-02-09 08:26:15
"1001394",NL,android,organic,0,0.0,1,50,0,0,0,2023-02-09 08:53:17
"1001396",IT,android,organic,0,0.0,2,650,0,0,0,2023-02-09 09:04:39
"1001397",RU,android,paid,0,0.0,0,0,0,0,0,2023-02-09 09:18:14
"1001398",KZ,iOS,paid,0,0.0,0,0,0,0,0,2023-02-09 09:27:27
"1001399",IT,android,paid,0,0.0,0,0,0,0,0,2023-02-09 09:41:02
"1001400",GE,iOS,organic,0,0.0,3,750,0,0,0,2023-02-09 09:43:24
"1001401",RU,android,paid,0,0.0,0,0,0,0,0,2023-02-09 09:45:46
"1001404",KZ,android,organic,0,0.0,0,0,0,0,0,2023-02-09 10:07:24
"1001407",PL,iOS,paid,0,0.0,0,0,0,0,0,2023-02-09 10:39:25
"1001409",RU,iOS,organic,0,0.0,0,0,0,0,0,2023-02-09 10:58:41
"1001412",KZ,android,paid,0,0.0,0,0,0,0,0,2023-02-09 11:14:30
"1001415",RU,iOS,organic,0,0.0,0,0,0,0,0,2023-02-09 11:39:40
"1001417",DE,iOS,organic,0,0.0,0,0,0,0,0,2023-02-09 11:55:37
"1001421",ES,iOS,organic,0,0.0,0,0,0,0,0,2023-02-09 12:33:19
"1001424",DE,android,paid,0,0.0,0,0,0,0,0,2023-02-09 12:53:54
"1001425",RU,iOS,organic,0,0.0,0,0,0,0,0,2023-02-09 12:56:16
"1001426",GE,android,organic,0,0.0,0,0,0,0,0,2023-02-09 12:58:38
"1001427",US,android,paid,0,0.0,2,650,0,0,0,2023-02-09 13:01:00
"1001430",NL,iOS,organic,0,0.0,0,0,0,0,0,2023-02-09 13:33:51
"1001433",ES,android,organic,0,0.0,0,0,0,0,0,2023-02-09 14:06:42
"1001434",US,android,organic,1,399.0,3,950,0,0,0,2023-02-09 14:12:23
"1001435",US,iOS,organic,0,0.0,0,0,0,0,0,2023-02-09 14:21:36
"1001436",RU,android,organic,0,0.0,6,1150,0,0,0,2023-02-09 14:30:49
"1001439",IT,android,organic,0,0.0,0,0,0,0,0,2023-02-09 14:59:18
"1001441",RU,iOS,organic,0,0.0,0,0,0,0,0,2023-02-09 15:14:12
"1001442",KZ,iOS,organic,0,0.0,0,0,0,0,0,2023-02-09 15:27:47
"1001444",LT,android,organic,0,0.0,0,0,0,0,0,2023-02-09 15:46:13
"1001445",US,android,organic,0,0.0,6,1150,0,0,0,2023-02-09 15:48:35
"1001447",DE,iOS,organic,0,0.0,0,0,0,0,0,2023-02-09 16:00:10
"1001448",PL,iOS,organic,0,0.0,1,650,0,0,0,2023-02-09 16:09:23
"1001449",RU,iOS,organic,0,0.0,0,0,0,0,0,2023-02-09 16:18:36
"1001453",US,android,organic,0,0.0,0,0,0,0,0,2023-02-09 16:46:57
"1001454",US,android,organic,0,0.0,0,0,0,0,0,2023-02-09 17:00:32
"1001455",US,android,organic,0,0.0,0,0,0,0,0,2023-02-09 17:14:07
"1001457",PL,android,organic,0,0.0,0,0,0,0,0,2023-02-09 17:36:55
"1001458",RU,android,paid,0,0.0,1,50,0,0,0,2023-02-09 17:42:36
"1001459",KZ,android,paid,0,0.0,0,0,0,0,0,2023-02-09 17:46:50
"1001460",LT,android,organic,0,0.0,10,3050,0,0,0,2023-02-09 17:56:03
"1001461",BY,android,organic,0,0.0,2,650,0,0,0,2023-02-09 18:01:44
"1001462",NL,iOS,paid,0,0.0,2,650,0,0,0,2023-02-09 18:04:06
"1001463",RU,android,paid,0,0.0,0,0,0,0,0,2023-02-09 18:17:41
"1001464",RU,android,organic,0,0.0,4,950,0,0,0,2023-02-09 18:26:54
"1001466",RU,android,organic,0,0.0,0,0,0,0,0,2023-02-09 18:34:57
"1001467",NL,android,organic,0,0.0,6,1150,0,0,0,2023-02-09 18:44:10
"1001469",RU,android,organic,0,0.0,12,4050,0,0,0,2023-02-09 19:06:58
"1001471",NL,android,organic,0,0.0,4,850,0,0,0,2023-02-09 19:25:24
"1001472",PL,android,organic,0,0.0,0,0,0,0,0,2023-02-09 19:31:05
"1001475",GE,iOS,organic,0,0.0,0,0,0,0,0,2023-02-09 19:48:21
"1001476",RU,android,organic,0,0.0,0,0,0,0,0,2023-02-09 20:01:56
"1001478",GE,iOS,paid,0,0.0,0,0,0,0,0,2023-02-09 20:29:06
"1001482",DE,iOS,organic,0,0.0,0,0,0,0,0,2023-02-09 21:01:00
"1001483",US,android,paid,0,0.0,1,50,0,0,0,2023-02-09 21:10:13
"1001485",BY,android,organic,0,0.0,0,0,0,0,0,2023-02-09 21:29:29
"1001486",RU,iOS,paid,0,0.0,0,0,0,0,0,2023-02-09 21:38:42
"1001487",DE,android,organic,0,0.0,0,0,0,0,0,2023-02-09 21:44:23
"1001488",KZ,iOS,organic,0,0.0,0,0,0,0,0,2023-02-09 21:57:58
"1001489",IT,iOS,paid,0,0.0,0,0,0,0,0,2023-02-09 22:02:12
"1001490",GE,android,organic,0,0.0,0,0,0,0,0,2023-02-09 22:07:53
"1001491",RU,android,organic,0,0.0,0,0,0,0,0,2023-02-09 22:12:07
"1001496",BY,iOS,paid,0,0.0,4,850,0,0,0,2023-02-09 22:59:52
"1001498",CA,android,paid,0,0.0,0,0,0,0,0,2023-02-09 23:22:40
"1001501",KZ,android,organic,0,0.0,0,0,0,0,0,2023-02-09 23:59:03
"1001502",RU,android,paid,0,0.0,3,850,0,0,0,2023-02-10 00:08:16
"1001503",LT,android,organic,0,0.0,0,0,0,0,0,2023-02-10 00:17:29
"1001505",US,iOS,paid,0,0.0,2,650,0,0,0,2023-02-10 00:32:23
"1001506",RU,iOS,organic,1,499.0,2,950,0,0,0,2023-02-10 00:45:58
"1001509",NL,iOS,paid,0,0.0,0,0,0,0,0,2023-02-10 01:14:27
"1001510",GE,android,organic,0,0.0,11,4050,0,0,0,2023-02-10 01:28:02
"1001511",RU,android,organic,0,0.0,0,0,0,0,0,2023-02-10 01:37:15
"1001513",US,iOS,organic,0,0.0,1,50,0,0,0,2023-02-10 02:00:03
"1001514",ES,iOS,organic,0,0.0,3,750,0,0,0,2023-02-10 02:05:44
"1001515",US,android,organic,0,0.0,0,0,0,0,0,2023-02-10 02:09:58
"1001516",KZ,iOS,organic,0,0.0,0,0,0,0,0,2023-02-10 02:19:11
"1001518",KZ,iOS,paid,0,0.0,10,3050,0,0,0,2023-02-10 02:38:27
"1001519",DE,android,organic,0,0.0,0,0,0,0,0,2023-02-10 02:47:40
"1001520",ES,android,organic,0,0.0,0,0,0,0,0,2023-02-10 02:56:53
"1001521",PL,android,organic,0,0.0,0,0,0,0,0,2023-02-10 03:01:07
"1001522",GE,android,paid,0,0.0,0,0,0,0,0,2023-02-10 03:14:42
"1001523",RU,android,organic,0,0.0,0,0,0,0,0,2023-02-10 03:20:23
"1001524",KZ,android,organic,0,0.0,2,650,0,0,0,2023-02-10 03:24:37
"1001525",RU,iOS,organic,0,0.0,0,0,0,0,0,2023-02-10 03:38:12
"1001526",ES,android,organic,0,0.0,0,0,0,0,0,2023-02-10 03:47:25
"1001528",BY,android,paid,0,0.0,0,0,0,0,0,2023-02-10 04:06:41
"1001535",KZ,android,organic,0,0.0,0,0,0,0,0,2023-02-10 04:54:23
"1001536",US,android,organic,0,0.0,0,0,0,0,0,2023-02-10 05:07:58
"1001537",PL,iOS,organic,0,0.0,0,0,0,0,0,2023-02-10 05:21:33
"1001539",DE,android,organic,0,0.0,0,0,0,0,0,2023-02-10 05:36:27
"1001540",RU,iOS,paid,0,0.0,1,50,0,0,0,2023-02-10 05:45:40
"1001541",DE,android,organic,0,0.0,0,0,0,0,0,2023-02-10 05:59:15
"1001544",ES,android,organic,0,0.0,0,0,0,0,0,2023-02-10 06:19:50
"1001545",RU,iOS,paid,0,0.0,3,750,0,0,0,2023-02-10 06:29:03
"1001546",US,android,organic,0,0.0,4,950,0,0,0,2023-02-10 06:38:16
"1001548",CA,android,paid,0,0.0,3,850,0,0,0,2023-02-10 06:56:42
"1001549",US,iOS,organic,0,0.0,6,1150,0,0,0,2023-02-10 07:02:23
"1001555",RU,android,organic,0,0.0,0,0,0,0,0,2023-02-10 07:49:23
"1001558",US,android,organic,1,299.0,8,4250,0,0,0,2023-02-10 08:10:11
"1001559",LV,android,organic,0,0.0,2,650,0,0,0,2023-02-10 08:23:46
"1001560",ES,iOS,organic,0,0.0,0,0,0,0,0,2023-02-10 08:29:27
"1001563",KZ,android,organic,0,0.0,2,750,0,0,0,2023-02-10 08:47:08
"1001565",RU,android,organic,0,0.0,4,850,0,0,0,2023-02-10 08:58:43
"1001566",ES,iOS,organic,0,0.0,0,0,0,0,0,2023-02-10 09:04:24
"1001567",US,android,paid,0,0.0,0,0,0,0,0,2023-02-10 09:06:46
"1001568",RU,iOS,organic,0,0.0,0,0,0,0,0,2023-02-10 09:09:08
"1001569",BY,android,paid,0,0.0,0,0,0,0,0,2023-02-10 09:22:43
"1001572",RU,android,organic,0,0.0,0,0,0,0,0,2023-02-10 09:36:27
"1001574",CA,android,paid,0,0.0,0,0,0,0,0,2023-02-10 10:03:37
"1001577",US,android,organic,0,0.0,0,0,0,0,0,2023-02-10 10:22:45
"1001578",LT,android,organic,0,0.0,0,0,0,0,0,2023-02-10 10:31:58
"1001579",RU,android,paid,0,0.0,0,0,0,0,0,2023-02-10 10:41:11
"1001581",US,android,paid,0,0.0,0,0,0,0,0,2023-02-10 10:59:00
"1001582",US,android,organic,0,0.0,12,4050,0,0,0,2023-02-10 11:08:13
"1001583",RU,iOS,organic,0,0.0,0,0,0,0,0,2023-02-10 11:13:54
"1001585",RU,android,organic,0,0.0,0,0,0,0,0,2023-02-10 11:28:48
"1001586",BY,android,organic,0,0.0,0,0,0,0,0,2023-02-10 11:38:01
"1001587",US,android,organic,0,0.0,0,0,0,0,0,2023-02-10 11:40:23
"1001589",RU,iOS,organic,0,0.0,4,950,0,0,0,2023-02-10 11:55:17
"1001590",GE,iOS,paid,0,0.0,0,0,0,0,0,2023-02-10 12:00:58
"1001591",KZ,android,organic,0,0.0,0,0,0,0,0,2023-02-10 12:14:33
"1001592",KZ,iOS,paid,0,0.0,0,0,0,0,0,2023-02-10 12:18:47
"1001594",US,iOS,organic,0,0.0,0,0,0,0,0,2023-02-10 12:33:41
"1001596",DE,android,organic,0,0.0,12,4050,0,0,0,2023-02-10 12:52:57
"1001600",US,android,organic,0,0.0,0,0,0,0,0,2023-02-10 13:23:48
"1001607",RU,android,organic,0,0.0,0,0,0,0,0,2023-02-10 14:12:57
"1001608",GE,iOS,organic,0,0.0,0,0,0,0,0,2023-02-10 14:26:32
"1001609",PL,iOS,paid,0,0.0,0,0,0,0,0,2023-02-10 14:40:07
"1001610",US,iOS,organic,0,0.0,0,0,0,0,0,2023-02-10 14:49:20
"1001611",ES,iOS,paid,0,0.0,12,4050,0,0,0,2023-02-10 14:53:34
"1001613",ES,iOS,organic,0,0.0,10,3050,0,0,0,2023-02-10 15:07:01
"1001615",GE,iOS,organic,0,0.0,0,0,0,0,0,2023-02-10 15:20:28
"1001617",RU,android,organic,0,0.0,0,0,0,0,0,2023-02-10 15:31:50
"1001619",US,android,organic,0,0.0,0,0,0,0,0,2023-02-10 15:45:17
"1001621",DE,iOS,organic,0,0.0,1,650,0,0,0,2023-02-10 15:56:52
"1001622",LV,android,organic,0,0.0,0,0,0,0,0,2023-02-10 16:10:27
"1001623",KZ,android,organic,0,0.0,2,650,0,0,0,2023-02-10 16:16:08
"1001624",RU,iOS,organic,0,0.0,2,750,0,0,0,2023-02-10 16:18:30
"1001627",RU,iOS,paid,0,0.0,0,0,0,0,0,2023-02-10 16:39:18
"1001628",RU,android,organic,0,0.0,4,850,0,0,0,2023-02-10 16:44:59
"1001629",LT,iOS,organic,0,0.0,0,0,0,0,0,2023-02-10 16:50:40
"1001633",RU,iOS,organic,0,0.0,0,0,0,0,0,2023-02-10 17:26:55
"1001635",US,iOS,paid,0,0.0,0,0,0,0,0,2023-02-10 17:49:43
"1001636",IT,iOS,organic,0,0.0,0,0,0,0,0,2023-02-10 17:58:56
"1001639",KZ,android,organic,0,0.0,0,0,0,0,0,2023-02-10 18:21:36
"1001640",GE,android,organic,0,0.0,10,3050,0,0,0,2023-02-10 18:30:49
"1001642",ES,android,organic,0,0.0,0,0,0,0,0,2023-02-10 18:40:44
"1001645",RU,iOS,organic,0,0.0,0,0,0,0,0,2023-02-10 19:12:45
"1001647",RU,iOS,organic,0,0.0,0,0,0,0,0,2023-02-10 19:31:11
"1001649",CA,android,organic,0,0.0,0,0,0,0,0,2023-02-10 19:41:06
"1001651",RU,iOS,organic,0,0.0,0,0,0,0,0,2023-02-10 19:56:00
"1001652",RU,android,organic,0,0.0,0,0,0,0,0,2023-02-10 20:05:13
"1001653",KZ,iOS,organic,0,0.0,1,50,0,0,0,2023-02-10 20:14:26
"1001656",GE,android,organic,0,0.0,4,850,0,0,0,2023-02-10 20:37:06
"1001661",US,iOS,paid,1,399.0,3,950,0,0,0,2023-02-10 21:14:03
"1001664",RU,iOS,organic,0,0.0,0,0,0,0,0,2023-02-10 21:46:04
"1001665",PL,android,organic,1,99.0,9,2750,0,0,0,2023-02-10 21:50:18
"1001667",US,iOS,organic,0,0.0,0,0,0,0,0,2023-02-10 22:05:12
"1001668",BY,android,organic,0,0.0,0,0,0,0,0,2023-02-10 22:10:53
"1001669",PL,android,paid,0,0.0,0,0,0,0,0,2023-02-10 22:16:34
"1001670",GE,android,organic,0,0.0,0,0,0,0,0,2023-02-10 22:25:47
"1001672",RU,android,paid,0,0.0,2,750,0,0,0,2023-02-10 22:35:42
"1001673",RU,iOS,organic,0,0.0,12,4050,0,0,0,2023-02-10 22:44:55
"1001674",RU,android,paid,0,0.0,6,1150,0,0,0,2023-02-10 22:54:08
"1001675",US,android,organic,0,0.0,3,850,0,0,0,2023-02-10 22:58:22
"1001677",RU,android,organic,0,0.0,0,0,0,0,0,2023-02-10 23:09:44
"1001679",KZ,android,organic,0,0.0,6,1150,0,0,0,2023-02-10 23:29:00
"1001683",RU,android,organic,0,0.0,0,0,0,0,0,2023-02-11 00:03:10
"1001684",ES,android,paid,0,0.0,0,0,0,0,0,2023-02-11 00:08:51
"1001686",DE,iOS,paid,0,0.0,0,0,0,0,0,2023-02-11 00:18:46
"1001688",DE,iOS,organic,0,0.0,0,0,0,0,0,2023-02-11 00:33:40
"1001690",IT,android,organic,0,0.0,0,0,0,0,0,2023-02-11 00:52:06
"1001692",RU,iOS,organic,0,0.0,0,0,0,0,0,2023-02-11 01:10:32
"1001693",ES,android,organic,0,0.0,0,0,0,0,0,2023-02-11 01:16:13
"1001695",DE,android,organic,0,0.0,0,0,0,0,0,2023-02-11 01:34:02
"1001696",GE,iOS,organic,0,0.0,0,0,0,0,0,2023-02-11 01:38:16
"1001697",ES,iOS,organic,0,0.0,4,950,0,0,0,2023-02-11 01:42:30
"1001699",PL,android,paid,0,0.0,1,50,0,0,0,2023-02-11 01:52:25
"1001701",IT,iOS,organic,0,0.0,1,50,0,0,0,2023-02-11 02:11:41
"1001702",BY,android,paid,0,0.0,0,0,0,0,0,2023-02-11 02:20:54
"1001705",RU,iOS,organic,0,0.0,6,1150,0,0,0,2023-02-11 02:50:26
"1001707",DE,android,paid,0,0.0,0,0,0,0,0,2023-02-11 03:13:14
"1001710",NL,android,organic,0,0.0,10,3050,0,0,0,2023-02-11 03:38:24
"1001711",RU,android,organic,0,0.0,0,0,0,0,0,2023-02-11 03:44:05
"1001712",IT,iOS,paid,1,399.0,3,950,0,0,0,2023-02-11 03:57:40
"1001714",LV,android,organic,0,0.0,0,0,0,0,0,2023-02-11 04:11:07
"1001719",RU,android,organic,0,0.0,0,0,0,0,0,2023-02-11 04:36:38
"1001721",RU,android,organic,0,0.0,0,0,0,0,0,2023-02-11 04:59:26
"1001722",KZ,android,organic,0,0.0,0,0,0,0,0,2023-02-11 05:08:39
"1001724",IT,android,organic,0,0.0,0,0,0,0,0,2023-02-11 05:18:34
"1001725",RU,android,organic,0,0.0,0,0,0,0,0,2023-02-11 05:24:15
"1001726",PL,iOS,organic,0,0.0,10,3050,0,0,0,2023-02-11 05:29:56
"1001727",US,android,organic,0,0.0,0,0,0,0,0,2023-02-11 05:39:09
"1001728",NL,android,organic,0,0.0,2,650,0,0,0,2023-02-11 05:52:44
"1001736",KZ,android,organic,0,0.0,0,0,0,0,0,2023-02-11 06:49:27
"1001739",PL,android,paid,0,0.0,4,950,0,0,0,2023-02-11 07:16:29
"1001743",ES,iOS,organic,0,0.0,0,0,0,0,0,2023-02-11 07:29:41
"1001745",IT,android,organic,0,0.0,0,0,0,0,0,2023-02-11 07:48:57
"1001746",KZ,iOS,organic,0,0.0,12,4050,0,0,0,2023-02-11 07:58:10
"1001748",KZ,android,organic,0,0.0,0,0,0,0,0,2023-02-11 08:17:26
"1001749",CA,android,organic,0,0.0,0,0,0,0,0,2023-02-11 08:21:40
"1001751",US,iOS,organic,0,0.0,0,0,0,0,0,2023-02-11 08:44:28
"1001756",US,android,organic,0,0.0,0,0,0,0,0,2023-02-11 09:33:16
"1001757",CA,iOS,organic,0,0.0,10,3050,0,0,0,2023-02-11 09:37:30
"1001758",US,android,organic,0,0.0,0,0,0,0,0,2023-02-11 09:43:11
"1001759",PL,iOS,organic,0,0.0,0,0,0,0,0,2023-02-11 09:52:24
"1001760",DE,android,paid,0,0.0,0,0,0,0,0,2023-02-11 10:05:59
"1001762",PL,android,organic,0,0.0,0,0,0,0,0,2023-02-11 10:25:15
"1001763",RU,android,paid,0,0.0,0,0,0,0,0,2023-02-11 10:30:56
"1001764",PL,android,organic,0,0.0,0,0,0,0,0,2023-02-11 10:44:31
"1001765",CA,iOS,organic,0,0.0,0,0,0,0,0,2023-02-11 10:58:06
"1001766",RU,iOS,organic,0,0.0,0,0,0,0,0,2023-02-11 11:03:47
"1001768",CA,iOS,organic,0,0.0,0,0,0,0,0,2023-02-11 11:30:57
"1001769",RU,android,organic,0,0.0,4,950,0,0,0,2023-02-11 11:40:10
"1001770",US,iOS,organic,0,0.0,0,0,0,0,0,2023-02-11 11:49:23
"1001773",DE,android,organic,0,0.0,0,0,0,0,0,2023-02-11 12:18:55
"1001774",GE,android,paid,0,0.0,4,950,0,0,0,2023-02-11 12:32:30
"1001775",PL,iOS,organic,0,0.0,10,3050,0,0,0,2023-02-11 12:46:05
"1001776",US,android,organic,0,0.0,0,0,0,0,0,2023-02-11 12:59:40
"1001778",CA,iOS,organic,0,0.0,2,650,0,0,0,2023-02-11 13:26:50
"1001780",RU,iOS,paid,0,0.0,0,0,0,0,0,2023-02-11 13:41:44
"1001781",RU,android,organic,0,0.0,0,0,0,0,0,2023-02-11 13:50:57
"1001782",KZ,iOS,organic,0,0.0,0,0,0,0,0,2023-02-11 13:53:19
"1001783",DE,android,organic,0,0.0,0,0,0,0,0,2023-02-11 13:55:41
"1001786",IT,iOS,organic,0,0.0,0,0,0,0,0,2023-02-11 14:14:49
"1001787",CA,android,organic,0,0.0,0,0,0,0,0,2023-02-11 14:24:02
"1001789",US,iOS,organic,0,0.0,0,0,0,0,0,2023-02-11 14:42:28
"1001790",RU,iOS,paid,0,0.0,0,0,0,0,0,2023-02-11 14:51:41
"1001793",PL,android,organic,0,0.0,10,3050,0,0,0,2023-02-11 15:13:19
"1001794",US,android,organic,0,0.0,0,0,0,0,0,2023-02-11 15:26:54
"1001795",RU,iOS,organic,0,0.0,0,0,0,0,0,2023-02-11 15:31:08
"1001797",BY,android,organic,0,0.0,2,650,0,0,0,2023-02-11 15:53:56
"1001799",RU,android,organic,0,0.0,3,750,0,0,0,2023-02-11 16:12:22
"1001803",KZ,android,paid,0,0.0,0,0,0,0,0,2023-02-11 16:50:54
"1001804",ES,android,organic,1,399.0,3,950,0,0,0,2023-02-11 16:55:08
"1001806",IT,android,organic,0,0.0,0,0,0,0,0,2023-02-11 17:14:24
"1001809",US,iOS,organic,0,0.0,0,0,0,0,0,2023-02-11 17:42:53
"1001810",US,android,paid,0,0.0,4,950,0,0,0,2023-02-11 17:52:06
"1001811",DE,android,organic,0,0.0,0,0,0,0,0,2023-02-11 17:57:47
"1001815",DE,iOS,organic,0,0.0,0,0,0,0,0,2023-02-11 18:39:01
"1001817",RU,android,organic,0,0.0,4,850,0,0,0,2023-02-11 18:53:55
"1001818",US,android,organic,1,299.0,8,4250,0,0,0,2023-02-11 18:56:17
"1001819",DE,android,organic,0,0.0,0,0,0,0,0,2023-02-11 19:05:30
"1001820",GE,iOS,organic,0,0.0,4,950,0,0,0,2023-02-11 19:14:43
"1001821",DE,android,organic,0,0.0,2,650,0,0,0,2023-02-11 19:17:05
"1001822",RU,android,paid,0,0.0,0,0,0,0,0,2023-02-11 19:30:40
"1001823",KZ,iOS,organic,0,0.0,0,0,0,0,0,2023-02-11 19:34:54
"1001825",PL,android,paid,0,0.0,10,3050,0,0,0,2023-02-11 19:48:21
"1001826",US,iOS,organic,0,0.0,0,0,0,0,0,2023-02-11 19:57:34
"1001827",RU,android,organic,0,0.0,10,3050,0,0,0,2023-02-11 20:06:47
"1001828",RU,android,organic,0,0.0,0,0,0,0,0,2023-02-11 20:16:00
"1001830",RU,iOS,organic,0,0.0,0,0,0,0,0,2023-02-11 20:27:22
"1001832",RU,android,paid,0,0.0,0,0,0,0,0,2023-02-11 20:54:32
"1001834",RU,android,organic,0,0.0,0,0,0,0,0,2023-02-11 21:13:48
"1001838",CA,android,organic,0,0.0,0,0,0,0,0,2023-02-11 21:54:25
"1001840",RU,iOS,organic,0,0.0,0,0,0,0,0,2023-02-11 22:17:13
"1001841",CA,android,organic,0,0.0,3,750,0,0,0,2023-02-11 22:19:35
"1001850",IT,iOS,organic,0,0.0,0,0,0,0,0,2023-02-11 23:33:49
"1001851",US,android,organic,0,0.0,4,850,0,0,0,2023-02-11 23:39:30
"1001852",US,android,organic,0,0.0,0,0,0,0,0,2023-02-11 23:43:44
"1001853",US,iOS,organic,0,0.0,4,950,0,0,0,2023-02-11 23:52:57
"1001855",NL,iOS,paid,0,0.0,0,0,0,0,0,2023-02-12 00:02:52
"1001856",RU,iOS,organic,0,0.0,0,0,0,0,0,2023-02-12 00:12:05
"1001859",RU,iOS,organic,1,299.0,8,4250,0,0,0,2023-02-12 00:39:07
"1001860",RU,iOS,organic,0,0.0,0,0,0,0,0,2023-02-12 00:52:42
"1001861",RU,android,organic,0,0.0,2,650,0,0,0,2023-02-12 01:01:55
"1001863",BY,android,paid,0,0.0,3,750,0,0,0,2023-02-12 01:21:11
"1001865",PL,iOS,organic,0,0.0,1,50,0,0,0,2023-02-12 01:29:14
"1001867",RU,iOS,paid,0,0.0,2,750,0,0,0,2023-02-12 01:33:58
"1001868",GE,android,paid,0,0.0,2,650,0,0,0,2023-02-12 01:47:33
"1001869",ES,android,paid,0,0.0,10,3050,0,0,0,2023-02-12 01:49:55
"1001871",US,iOS,organic,0,0.0,3,750,0,0,0,2023-02-12 02:09:11
"1001874",KZ,iOS,organic,0,0.0,0,0,0,0,0,2023-02-12 02:32:41
"1001876",DE,iOS,organic,0,0.0,2,650,0,0,0,2023-02-12 02:40:44
"1001877",ES,android,paid,0,0.0,10,3050,0,0,0,2023-02-12 02:49:57
"1001878",DE,android,organic,0,0.0,4,950,0,0,0,2023-02-12 02:52:19
"1001879",PL,android,organic,0,0.0,4,950,0,0,0,2023-02-12 02:54:41
"1001880",RU,android,paid,0,0.0,0,0,0,0,0,2023-02-12 03:08:16
"1001882",GE,android,organic,0,0.0,10,3050,0,0,0,2023-02-12 03:24:13
"1001883",RU,iOS,organic,0,0.0,0,0,0,0,0,2023-02-12 03:33:26
"1001885",US,iOS,organic,0,0.0,0,0,0,0,0,2023-02-12 03:51:52
"1001890",RU,iOS,organic,0,0.0,1,50,0,0,0,2023-02-12 04:38:47
"1001892",ES,iOS,organic,0,0.0,0,0,0,0,0,2023-02-12 04:58:03
"1001893",RU,iOS,organic,0,0.0,1,50,0,0,0,2023-02-12 05:07:16
"1001894",KZ,iOS,organic,0,0.0,2,650,0,0,0,2023-02-12 05:12:57
"1001899",PL,iOS,organic,0,0.0,0,0,0,0,0,2023-02-12 05:54:16
"1001901",IT,android,organic,0,0.0,0,0,0,0,0,2023-02-12 06:17:04
"1001902",PL,iOS,paid,0,0.0,0,0,0,0,0,2023-02-12 06:30:39
"1001904",CA,android,organic,0,0.0,0,0,0,0,0,2023-02-12 06:49:05
"1001908",KZ,iOS,organic,0,0.0,1,50,0,0,0,2023-02-12 07:23:28
"1001909",CA,android,organic,0,0.0,0,0,0,0,0,2023-02-12 07:27:42
"1001912",RU,android,organic,0,0.0,0,0,0,0,0,2023-02-12 07:47:53
"1001913",US,android,organic,0,0.0,2,650,0,0,0,2023-02-12 07:52:07
"1001915",DE,iOS,paid,0,0.0,3,750,0,0,0,2023-02-12 08:10:33
"1001916",RU,android,organic,0,0.0,0,0,0,0,0,2023-02-12 08:24:08
"1001917",GE,android,organic,0,0.0,0,0,0,0,0,2023-02-12 08:33:21
"1001920",RU,iOS,organic,0,0.0,0,0,0,0,0,2023-02-12 09:06:12
"1001925",US,iOS,organic,0,0.0,0,0,0,0,0,2023-02-12 09:52:30
"1001927",RU,iOS,paid,0,0.0,0,0,0,0,0,2023-02-12 10:11:46
"1001928",RU,android,organic,0,0.0,4,850,0,0,0,2023-02-12 10:17:27
"1001929",BY,android,organic,0,0.0,0,0,0,0,0,2023-02-12 10:23:08
"1001930",KZ,iOS,paid,0,0.0,0,0,0,0,0,2023-02-12 10:36:43
"1001933",KZ,android,organic,0,0.0,3,750,0,0,0,2023-02-12 10:58:21
"1001934",RU,android,organic,0,0.0,0,0,0,0,0,2023-02-12 11:07:34
"1001937",PL,android,paid,0,0.0,0,0,0,0,0,2023-02-12 11:40:25
"1001938",CA,iOS,organic,0,0.0,4,850,0,0,0,2023-02-12 11:49:38
"1001939",RU,android,organic,0,0.0,0,0,0,0,0,2023-02-12 11:58:51
"1001940",KZ,iOS,paid,0,0.0,0,0,0,0,0,2023-02-12 12:12:26
"1001941",US,android,organic,0,0.0,0,0,0,0,0,2023-02-12 12:16:40
"1001942",BY,android,paid,0,0.0,3,750,0,0,0,2023-02-12 12:22:21
"1001943",NL,android,organic,0,0.0,3,750,0,0,0,2023-02-12 12:31:34
"1001945",PL,android,organic,0,0.0,0,0,0,0,0,2023-02-12 12:50:50
"1001948",US,iOS,paid,0,0.0,10,3050,0,0,0,2023-02-12 13:27:13
"1001949",BY,android,paid,0,0.0,0,0,0,0,0,2023-02-12 13:40:48
"1001950",US,android,organic,0,0.0,0,0,0,0,0,2023-02-12 13:54:23
"1001952",RU,android,organic,0,0.0,0,0,0,0,0,2023-02-12 14:05:58
"1001953",RU,android,organic,0,0.0,0,0,0,0,0,2023-02-12 14:11:39
"1001955",DE,android,organic,1,99.0,9,2750,0,0,0,2023-02-12 14:34:27
"1001960",RU,iOS,organic,0,0.0,0,0,0,0,0,2023-02-12 15:16:23
"1001961",DE,iOS,organic,0,0.0,4,950,0,0,0,2023-02-12 15:29:58
"1001964",US,iOS,paid,0,0.0,11,4050,0,0,0,2023-02-12 15:57:00
"1001965",IT,iOS,organic,0,0.0,0,0,0,0,0,2023-02-12 16:06:13
"1001966",RU,android,organic,0,0.0,0,0,0,0,0,2023-02-12 16:15:26
"1001967",ES,iOS,organic,0,0.0,1,50,0,0,0,2023-02-12 16:24:39
"1001968",CA,android,organic,0,0.0,0,0,0,0,0,2023-02-12 16:28:53
"1001970",US,android,organic,0,0.0,0,0,0,0,0,2023-02-12 16:44:50
"1001972",RU,iOS,organic,0,0.0,10,3050,0,0,0,2023-02-12 17:07:38
"1001973",CA,iOS,organic,0,0.0,0,0,0,0,0,2023-02-12 17:16:51
"1001976",RU,iOS,organic,0,0.0,2,650,0,0,0,2023-02-12 17:32:40
"1001978",KZ,android,organic,0,0.0,0,0,0,0,0,2023-02-12 17:50:29
"1001979",PL,android,paid,0,0.0,4,850,0,0,0,2023-02-12 17:56:10
"1001980",PL,android,organic,0,0.0,4,950,0,0,0,2023-02-12 18:01:51
"1001981",NL,android,organic,0,0.0,0,0,0,0,0,2023-02-12 18:15:26
"1001982",RU,iOS,organic,0,0.0,0,0,0,0,0,2023-02-12 18:19:40
"1001984",PL,iOS,organic,0,0.0,0,0,0,0,0,2023-02-12 18:33:07
"1001986",DE,iOS,organic,0,0.0,12,4050,0,0,0,2023-02-12 18:46:34
"1001987",US,iOS,paid,0,0.0,12,4050,0,0,0,2023-02-12 18:55:47
"1001988",NL,android,organic,0,0.0,0,0,0,0,0,2023-02-12 18:58:09
"1001992",PL,android,organic,0,0.0,9,3050,0,0,0,2023-02-12 19:43:45
"1001993",LV,iOS,organic,0,0.0,0,0,0,0,0,2023-02-12 19:52:58
"1001998",US,android,paid,0,0.0,0,0,0,0,0,2023-02-12 20:39:53
"1002000",NL,android,organic,0,0.0,0,0,0,0,0,2023-02-12 20:59:09
"1002002",BY,iOS,paid,0,0.0,4,850,0,0,0,2023-02-12 21:26:19
"1002005",RU,iOS,organic,0,0.0,0,0,0,0,0,2023-02-12 21:48:22
"1002006",KZ,android,organic,0,0.0,4,850,0,0,0,2023-02-12 21:54:03
"1002007",DE,iOS,organic,0,0.0,2,750,0,0,0,2023-02-12 22:07:38
"1002010",DE,iOS,paid,0,0.0,0,0,0,0,0,2023-02-12 22:30:18
"1002013",LT,iOS,organic,0,0.0,0,0,0,0,0,2023-02-12 22:52:58
"1002014",CA,android,organic,0,0.0,0,0,0,0,0,2023-02-12 22:58:39
"1002016",US,iOS,organic,0,0.0,0,0,0,0,0,2023-02-12 23:10:01
"1002019",BY,iOS,organic,0,0.0,0,0,0,0,0,2023-02-12 23:34:58
"1002020",BY,iOS,organic,0,0.0,6,1150,0,0,0,2023-02-12 23:40:39
"1002022",IT,android,organic,0,0.0,0,0,0,0,0,2023-02-12 23:55:33
"1002028",DE,android,organic,0,0.0,0,0,0,0,0,2023-02-13 00:42:21
"1002029",US,iOS,paid,0,0.0,12,4050,0,0,0,2023-02-13 00:44:43
"1002030",US,iOS,organic,0,0.0,0,0,0,0,0,2023-02-13 00:47:05
"1002031",US,iOS,organic,0,0.0,0,0,0,0,0,2023-02-13 00:56:18
"1002032",US,android,organic,0,0.0,0,0,0,0,0,2023-02-13 01:05:31
"1002033",NL,iOS,organic,0,0.0,0,0,0,0,0,2023-02-13 01:09:45
"1002034",US,iOS,paid,0,0.0,0,0,0,0,0,2023-02-13 01:12:07
"1002040",ES,iOS,organic,0,0.0,0,0,0,0,0,2023-02-13 02:03:16
"1002041",KZ,iOS,organic,0,0.0,0,0,0,0,0,2023-02-13 02:12:29
"1002043",RU,android,organic,0,0.0,0,0,0,0,0,2023-02-13 02:30:55
"1002044",RU,android,organic,0,0.0,0,0,0,0,0,2023-02-13 02:40:08
"1002045",KZ,iOS,organic,0,0.0,0,0,0,0,0,2023-02-13 02:44:22
"1002046",KZ,iOS,organic,0,0.0,0,0,0,0,0,2023-02-13 02:57:57
"1002051",RU,iOS,organic,0,0.0,1,50,0,0,0,2023-02-13 03:49:14
"1002052",US,android,organic,0,0.0,0,0,0,0,0,2023-02-13 04:02:49
"1002055",CA,iOS,paid,0,0.0,2,650,0,0,0,2023-02-13 04:26:56
"1002056",IT,iOS,organic,0,0.0,0,0,0,0,0,2023-02-13 04:29:18
"1002057",PL,iOS,organic,0,0.0,0,0,0,0,0,2023-02-13 04:33:32
"1002058",CA,iOS,organic,0,0.0,10,3050,0,0,0,2023-02-13 04:42:45
"1002060",KZ,android,paid,0,0.0,0,0,0,0,0,2023-02-13 04:56:12
"1002062",PL,iOS,organic,0,0.0,0,0,0,0,0,2023-02-13 05:14:01
"1002063",RU,iOS,paid,0,0.0,0,0,0,0,0,2023-02-13 05:23:14
"1002065",US,android,organic,0,0.0,0,0,0,0,0,2023-02-13 05:41:03
"1002066",RU,android,organic,0,0.0,0,0,0,0,0,2023-02-13 05:43:25
"1002068",RU,iOS,organic,0,0.0,3,850,0,0,0,2023-02-13 06:06:13
"1002069",KZ,android,organic,0,0.0,0,0,0,0,0,2023-02-13 06:11:54
"1002070",KZ,android,organic,0,0.0,0,0,0,0,0,2023-02-13 06:25:29
"1002073",KZ,iOS,organic,0,0.0,0,0,0,0,0,2023-02-13 06:53:58
"1002074",RU,iOS,paid,0,0.0,0,0,0,0,0,2023-02-13 07:03:11
"1002077",RU,android,organic,0,0.0,3,750,0,0,0,2023-02-13 07:27:18
"1002081",RU,android,paid,0,0.0,0,0,0,0,0,2023-02-13 08:01:41
"1002085",KZ,iOS,organic,0,0.0,0,0,0,0,0,2023-02-13 08:43:45
"1002086",KZ,android,paid,0,0.0,0,0,0,0,0,2023-02-13 08:57:20
"1002089",US,android,organic,0,0.0,4,950,0,0,0,2023-02-13 09:17:55
"1002092",RU,iOS,paid,0,0.0,0,0,0,0,0,2023-02-13 09:34:58
"1002093",ES,android,organic,0,0.0,0,0,0,0,0,2023-02-13 09:39:12
"1002095",RU,android,organic,0,0.0,0,0,0,0,0,2023-02-13 09:58:28
"1002097",US,iOS,organic,0,0.0,12,4050,0,0,0,2023-02-13 10:21:16
"1002105",IT,iOS,paid,0,0.0,0,0,0,0,0,2023-02-13 11:31:04
"1002107",US,android,paid,0,0.0,0,0,0,0,0,2023-02-13 11:49:30
"1002108",RU,iOS,organic,0,0.0,4,850,0,0,0,2023-02-13 12:03:05
"1002109",RU,android,paid,0,0.0,2,750,0,0,0,2023-02-13 12:16:40
"1002110",KZ,android,organic,0,0.0,11,4050,0,0,0,2023-02-13 12:22:21
"1002111",KZ,android,organic,0,0.0,4,950,0,0,0,2023-02-13 12:24:43
"1002112",US,iOS,organic,0,0.0,0,0,0,0,0,2023-02-13 12:33:56
"1002113",BY,iOS,organic,0,0.0,10,3050,0,0,0,2023-02-13 12:47:31
"1002116",IT,iOS,organic,0,0.0,0,0,0,0,0,2023-02-13 13:15:10
"1002119",RU,android,paid,0,0.0,0,0,0,0,0,2023-02-13 13:35:21
"1002120",KZ,android,organic,0,0.0,0,0,0,0,0,2023-02-13 13:48:56
"1002121",PL,iOS,organic,0,0.0,4,950,0,0,0,2023-02-13 13:58:09
"1002122",ES,iOS,paid,1,299.0,8,4250,0,0,0,2023-02-13 14:11:44
"1002123",KZ,android,organic,0,0.0,0,0,0,0,0,2023-02-13 14:20:57
"1002124",PL,android,organic,0,0.0,1,50,0,0,0,2023-02-13 14:30:10
"1002127",LV,android,organic,0,0.0,1,750,0,0,0,2023-02-13 15:06:33
"1002128",PL,iOS,organic,0,0.0,0,0,0,0,0,2023-02-13 15:15:46
"1002129",KZ,iOS,organic,0,0.0,0,0,0,0,0,2023-02-13 15:21:27
"1002133",RU,android,organic,0,0.0,0,0,0,0,0,2023-02-13 15:44:24
"1002134",RU,iOS,organic,0,0.0,0,0,0,0,0,2023-02-13 15:53:37
"1002135",NL,iOS,organic,0,0.0,0,0,0,0,0,2023-02-13 16:02:50
"1002136",GE,android,organic,0,0.0,0,0,0,0,0,2023-02-13 16:08:31
"1002137",RU,android,paid,0,0.0,0,0,0,0,0,2023-02-13 16:22:06
"1002138",IT,android,paid,0,0.0,0,0,0,0,0,2023-02-13 16:26:20
"1002140",KZ,iOS,paid,0,0.0,0,0,0,0,0,2023-02-13 16:44:09
"1002143",RU,android,organic,0,0.0,2,650,0,0,0,2023-02-13 17:11:48
"1002144",ES,android,organic,0,0.0,3,850,0,0,0,2023-02-13 17:21:01
"1002146",RU,android,organic,0,0.0,2,650,0,0,0,2023-02-13 17:36:58
"1002147",PL,iOS,organic,0,0.0,0,0,0,0,0,2023-02-13 17:46:11
"1002148",RU,iOS,organic,0,0.0,3,750,0,0,0,2023-02-13 17:55:24
"1002152",DE,android,organic,0,0.0,0,0,0,0,0,2023-02-13 18:22:56
"1002153",ES,iOS,organic,0,0.0,6,1150,0,0,0,2023-02-13 18:32:09
"1002154",GE,android,organic,0,0.0,0,0,0,0,0,2023-02-13 18:36:23
"1002158",GE,android,paid,0,0.0,4,950,0,0,0,2023-02-13 18:51:02
"1002159",DE,iOS,paid,0,0.0,0,0,0,0,0,2023-02-13 19:00:15
"1002160",KZ,android,organic,0,0.0,0,0,0,0,0,2023-02-13 19:02:37
"1002164",RU,android,organic,0,0.0,0,0,0,0,0,2023-02-13 19:40:19
"1002167",PL,iOS,organic,0,0.0,0,0,0,0,0,2023-02-13 20:08:48
"1002170",KZ,android,organic,0,0.0,0,0,0,0,0,2023-02-13 20:32:55
"1002171",RU,android,organic,0,0.0,1,50,0,0,0,2023-02-13 20:46:30
"1002172",DE,android,organic,0,0.0,0,0,0,0,0,2023-02-13 20:52:11
"1002173",RU,android,organic,0,0.0,2,650,0,0,0,2023-02-13 20:57:52
"1002175",RU,android,organic,0,0.0,1,50,0,0,0,2023-02-13 21:09:14
"1002177",CA,iOS,organic,0,0.0,4,950,0,0,0,2023-02-13 21:24:08
"1002178",ES,iOS,organic,0,0.0,3,750,0,0,0,2023-02-13 21:29:49
"1002179",PL,android,paid,0,0.0,0,0,0,0,0,2023-02-13 21:34:03
"1002180",DE,iOS,organic,0,0.0,0,0,0,0,0,2023-02-13 21:39:44
"1002181",RU,android,organic,0,0.0,0,0,0,0,0,2023-02-13 21:48:57
"1002182",RU,iOS,organic,0,0.0,3,750,0,0,0,2023-02-13 21:58:10
"1002183",NL,iOS,organic,0,0.0,0,0,0,0,0,2023-02-13 22:11:45
"1002184",PL,iOS,organic,0,0.0,6,1150,0,0,0,2023-02-13 22:17:26
"1002185",PL,android,paid,0,0.0,0,0,0,0,0,2023-02-13 22:26:39
"1002186",RU,iOS,paid,0,0.0,0,0,0,0,0,2023-02-13 22:35:52
"1002188",DE,iOS,organic,0,0.0,10,3050,0,0,0,2023-02-13 22:50:46
"1002189",RU,android,organic,0,0.0,0,0,0,0,0,2023-02-13 22:56:27
"1002192",RU,android,paid,0,0.0,0,0,0,0,0,2023-02-13 23:19:57
"1002196",US,iOS,organic,0,0.0,0,0,0,0,0,2023-02-13 23:52:40
"1002197",DE,iOS,organic,0,0.0,0,0,0,0,0,2023-02-13 23:55:02
"1002198",RU,android,organic,0,0.0,1,50,0,0,0,2023-02-14 00:08:37
"1002199",DE,iOS,paid,0,0.0,0,0,0,0,0,2023-02-14 00:14:18
"1002200",US,iOS,organic,0,0.0,3,750,0,0,0,2023-02-14 00:23:31
"1002202",BY,android,paid,0,0.0,4,850,0,0,0,2023-02-14 00:41:20
"1002203",RU,android,organic,0,0.0,2,650,0,0,0,2023-02-14 00:54:55
"1002204",RU,iOS,organic,0,0.0,2,750,0,0,0,2023-02-14 01:00:36
"1002205",RU,android,organic,0,0.0,12,4050,0,0,0,2023-02-14 01:14:11
"1002206",RU,android,organic,0,0.0,0,0,0,0,0,2023-02-14 01:18:25
"1002207",RU,android,organic,0,0.0,0,0,0,0,0,2023-02-14 01:22:39
"1002208",KZ,iOS,organic,0,0.0,0,0,0,0,0,2023-02-14 01:28:20
"1002211",KZ,iOS,organic,0,0.0,0,0,0,0,0,2023-02-14 01:52:27
"1002214",KZ,android,organic,0,0.0,0,0,0,0,0,2023-02-14 02:25:18
"1002216",RU,android,organic,0,0.0,0,0,0,0,0,2023-02-14 02:35:13
"1002219",RU,android,organic,0,0.0,4,850,0,0,0,2023-02-14 02:58:43
"1002220",KZ,iOS,organic,0,0.0,0,0,0,0,0,2023-02-14 03:02:57
"1002221",RU,android,organic,0,0.0,0,0,0,0,0,2023-02-14 03:07:11
"1002223",PL,android,paid,0,0.0,0,0,0,0,0,2023-02-14 03:22:05
"1002224",DE,android,organic,0,0.0,0,0,0,0,0,2023-02-14 03:31:18
"1002225",RU,android,organic,0,0.0,0,0,0,0,0,2023-02-14 03:33:40
"1002228",DE,android,organic,0,0.0,0,0,0,0,0,2023-02-14 03:54:15
"1002229",CA,android,organic,0,0.0,4,950,0,0,0,2023-02-14 04:03:28
"1002231",RU,android,organic,0,0.0,0,0,0,0,0,2023-02-14 04:30:38
"1002232",US,iOS,organic,0,0.0,4,950,0,0,0,2023-02-14 04:33:00
"1002233",RU,android,organic,0,0.0,4,950,0,0,0,2023-02-14 04:37:14
"1002236",ES,android,organic,0,0.0,4,850,0,0,0,2023-02-14 05:00:44
"1002239",US,android,organic,0,0.0,0,0,0,0,0,2023-02-14 05:19:52
"1002240",RU,iOS,paid,0,0.0,2,850,0,0,0,2023-02-14 05:25:33
"1002241",PL,android,paid,0,0.0,0,0,0,0,0,2023-02-14 05:34:46
"1002243",ES,android,organic,0,0.0,4,950,0,0,0,2023-02-14 05:41:22
"1002244",US,android,organic,0,0.0,0,0,0,0,0,2023-02-14 05:54:57
"1002246",CA,android,paid,0,0.0,0,0,0,0,0,2023-02-14 06:14:13
"1002247",DE,iOS,organic,0,0.0,1,50,0,0,0,2023-02-14 06:27:48
"1002252",KZ,android,organic,0,0.0,0,0,0,0,0,2023-02-14 06:57:04
"1002253",RU,iOS,organic,0,0.0,0,0,0,0,0,2023-02-14 07:06:17
"1002256",DE,iOS,organic,0,0.0,4,950,0,0,0,2023-02-14 07:42:40
"1002257",RU,iOS,organic,0,0.0,0,0,0,0,0,2023-02-14 07:48:21
"1002258",RU,iOS,organic,0,0.0,0,0,0,0,0,2023-02-14 07:54:02
"1002261",RU,android,organic,0,0.0,0,0,0,0,0,2023-02-14 08:04:27
"1002262",CA,android,organic,0,0.0,0,0,0,0,0,2023-02-14 08:06:49
"1002264",KZ,android,organic,0,0.0,0,0,0,0,0,2023-02-14 08:25:15
"1002266",RU,android,organic,0,0.0,0,0,0,0,0,2023-02-14 08:52:25
"1002267",GE,iOS,organic,0,0.0,1,50,0,0,0,2023-02-14 09:01:38
"1002275",GE,iOS,organic,0,0.0,0,0,0,0,0,2023-02-14 10:19:08
"1002277",KZ,iOS,organic,0,0.0,0,0,0,0,0,2023-02-14 10:41:56
"1002280",KZ,iOS,organic,0,0.0,0,0,0,0,0,2023-02-14 11:03:59
"1002281",KZ,android,organic,0,0.0,0,0,0,0,0,2023-02-14 11:09:40
"1002282",IT,android,organic,0,0.0,0,0,0,0,0,2023-02-14 11:23:15
"1002283",NL,android,paid,0,0.0,2,650,0,0,0,2023-02-14 11:36:50
"1002285",DE,android,organic,0,0.0,0,0,0,0,0,2023-02-14 11:59:38
"1002289",US,android,paid,0,0.0,0,0,0,0,0,2023-02-14 12:19:28
"1002293",BY,iOS,organic,0,0.0,2,650,0,0,0,2023-02-14 12:49:16
"1002294",RU,iOS,organic,0,0.0,0,0,0,0,0,2023-02-14 12:51:38
"1002296",RU,android,organic,0,0.0,0,0,0,0,0,2023-02-14 13:14:26
"1002297",RU,android,organic,0,0.0,0,0,0,0,0,2023-02-14 13:28:01
"1002300",DE,iOS,organic,0,0.0,4,850,0,0,0,2023-02-14 13:43:37
"1002301",DE,android,organic,0,0.0,2,750,0,0,0,2023-02-14 13:49:18
"1002302",US,android,organic,0,0.0,0,0,0,0,0,2023-02-14 13:58:31
"1002305",RU,android,paid,0,0.0,0,0,0,0,0,2023-02-14 14:27:00
"1002308",KZ,iOS,organic,0,0.0,0,0,0,0,0,2023-02-14 14:59:01
"1002309",BY,iOS,organic,0,0.0,2,750,0,0,0,2023-02-14 15:12:36
"1002311",IT,android,organic,0,0.0,0,0,0,0,0,2023-02-14 15:31:52
"1002312",KZ,android,organic,0,0.0,0,0,0,0,0,2023-02-14 15:41:05
"1002313",GE,android,organic,0,0.0,0,0,0,0,0,2023-02-14 15:46:46
"1002315",KZ,android,organic,1,199.0,5,1150,0,0,0,2023-02-14 16:01:40
"1002316",PL,iOS,organic,0,0.0,4,950,0,0,0,2023-02-14 16:05:54
"1002317",PL,android,organic,0,0.0,1,50,0,0,0,2023-02-14 16:19:29
"1002318",CA,iOS,paid,0,0.0,0,0,0,0,0,2023-02-14 16:28:42
"1002320",DE,iOS,organic,0,0.0,0,0,0,0,0,2023-02-14 16:42:09
"1002323",DE,android,organic,0,0.0,0,0,0,0,0,2023-02-14 17:06:16
"1002324",PL,android,paid,0,0.0,0,0,0,0,0,2023-02-14 17:10:30
"1002331",GE,iOS,organic,0,0.0,0,0,0,0,0,2023-02-14 18:09:50
"1002333",BY,android,organic,0,0.0,0,0,0,0,0,2023-02-14 18:27:39
"1002335",US,iOS,organic,0,0.0,0,0,0,0,0,2023-02-14 18:35:42
"1002336",US,iOS,organic,0,0.0,0,0,0,0,0,2023-02-14 18:44:55
"1002337",RU,iOS,organic,0,0.0,0,0,0,0,0,2023-02-14 18:50:36
"1002338",DE,iOS,organic,0,0.0,4,850,0,0,0,2023-02-14 19:04:11
"1002339",LT,iOS,organic,0,0.0,0,0,0,0,0,2023-02-14 19:17:46
"1002342",DE,android,paid,0,0.0,0,0,0,0,0,2023-02-14 19:44:48
"1002344",RU,iOS,paid,0,0.0,0,0,0,0,0,2023-02-14 19:51:24
"1002346",KZ,iOS,organic,0,0.0,0,0,0,0,0,2023-02-14 19:59:27
"1002350",PL,iOS,organic,0,0.0,0,0,0,0,0,2023-02-14 20:25:56
"1002351",CA,android,paid,0,0.0,12,4050,0,0,0,2023-02-14 20:31:37
"1002353",US,android,paid,0,0.0,0,0,0,0,0,2023-02-14 20:50:53
"1002356",PL,iOS,paid,0,0.0,1,50,0,0,0,2023-02-14 21:17:55
"1002357",DE,android,paid,0,0.0,0,0,0,0,0,2023-02-14 21:27:08
"1002358",KZ,android,organic,0,0.0,0,0,0,0,0,2023-02-14 21:31:22
"1002360",GE,android,paid,0,0.0,0,0,0,0,0,2023-02-14 21:58:32
"1002363",RU,android,organic,0,0.0,0,0,0,0,0,2023-02-14 22:20:10
"1002364",RU,android,organic,0,0.0,0,0,0,0,0,2023-02-14 22:22:32
"1002365",CA,iOS,organic,0,0.0,1,50,0,0,0,2023-02-14 22:36:07
"1002369",RU,iOS,organic,0,0.0,4,850,0,0,0,2023-02-14 23:02:24
"1002370",PL,iOS,paid,0,0.0,0,0,0,0,0,2023-02-14 23:15:59
"1002374",RU,android,organic,0,0.0,4,950,0,0,0,2023-02-14 23:52:51
"1002377",CA,android,paid,0,0.0,2,650,0,0,0,2023-02-15 00:18:01
"1002380",RU,android,organic,0,0.0,0,0,0,0,0,2023-02-15 00:46:30
"1002381",RU,iOS,organic,0,0.0,0,0,0,0,0,2023-02-15 00:48:52
"1002382",RU,android,organic,0,0.0,9,3050,0,0,0,2023-02-15 01:02:27
"1002386",RU,android,organic,0,0.0,0,0,0,0,0,2023-02-15 01:37:40
"1002388",KZ,iOS,organic,0,0.0,0,0,0,0,0,2023-02-15 02:00:28
"1002389",CA,iOS,organic,0,0.0,0,0,0,0,0,2023-02-15 02:06:09
"1002391",GE,android,paid,0,0.0,0,0,0,0,0,2023-02-15 02:25:25
"1002392",ES,iOS,organic,0,0.0,3,750,0,0,0,2023-02-15 02:34:38
"1002396",RU,iOS,organic,0,0.0,0,0,0,0,0,2023-02-15 03:09:01
"1002397",KZ,android,organic,0,0.0,0,0,0,0,0,2023-02-15 03:13:15
"1002398",US,android,organic,1,499.0,2,950,0,0,0,2023-02-15 03:22:28
"1002400",RU,android,paid,0,0.0,0,0,0,0,0,2023-02-15 03:49:38
"1002402",NL,android,organic,1,99.0,9,2750,0,0,0,2023-02-15 03:57:41
"1002403",IT,android,organic,0,0.0,0,0,0,0,0,2023-02-15 04:03:22
"1002404",KZ,android,paid,0,0.0,0,0,0,0,0,2023-02-15 04:09:03
"1002405",BY,iOS,organic,0,0.0,0,0,0,0,0,2023-02-15 04:18:16
"1002406",GE,android,organic,0,0.0,0,0,0,0,0,2023-02-15 04:31:51
"1002408",RU,android,organic,0,0.0,0,0,0,0,0,2023-02-15 04:46:45
"1002410",KZ,android,paid,0,0.0,0,0,0,0,0,2023-02-15 05:04:34
"1002411",RU,android,organic,0,0.0,0,0,0,0,0,2023-02-15 05:13:47
"1002413",RU,iOS,organic,0,0.0,0,0,0,0,0,2023-02-15 05:27:14
"1002414",KZ,android,organic,0,0.0,0,0,0,0,0,2023-02-15 05:36:27
"1002416",US,android,paid,0,0.0,0,0,0,0,0,2023-02-15 05:46:22
"1002418",KZ,android,organic,0,0.0,2,650,0,0,0,2023-02-15 06:04:11
"1002419",GE,android,organic,0,0.0,4,850,0,0,0,2023-02-15 06:13:24
"1002420",US,android,organic,0,0.0,0,0,0,0,0,2023-02-15 06:26:59
"1002422",GE,iOS,organic,0,0.0,0,0,0,0,0,2023-02-15 06:35:27
"1002423",BY,android,organic,0,0.0,0,0,0,0,0,2023-02-15 06:39:41
"1002425",US,android,organic,0,0.0,1,50,0,0,0,2023-02-15 06:54:35
"1002426",RU,android,organic,0,0.0,10,3050,0,0,0,2023-02-15 06:58:49
"1002427",KZ,iOS,paid,0,0.0,1,50,0,0,0,2023-02-15 07:08:02
"1002428",IT,android,paid,0,0.0,10,3050,0,0,0,2023-02-15 07:21:37
"1002429",RU,iOS,paid,0,0.0,0,0,0,0,0,2023-02-15 07:25:51
"1002430",KZ,android,organic,0,0.0,0,0,0,0,0,2023-02-15 07:31:32
"1002432",RU,iOS,organic,0,0.0,0,0,0,0,0,2023-02-15 07:58:42
"1002435",GE,android,organic,0,0.0,0,0,0,0,0,2023-02-15 08:30:06
"1002436",DE,iOS,organic,0,0.0,0,0,0,0,0,2023-02-15 08:43:41
"1002437",GE,android,organic,0,0.0,0,0,0,0,0,2023-02-15 08:49:22
"1002438",CA,android,paid,0,0.0,1,650,0,0,0,2023-02-15 08:51:44
"1002439",ES,android,organic,0,0.0,2,650,0,0,0,2023-02-15 09:00:57
"1002440",IT,android,organic,0,0.0,0,0,0,0,0,2023-02-15 09:10:10
"1002441",RU,android,organic,0,0.0,0,0,0,0,0,2023-02-15 09:23:45
"1002445",KZ,android,organic,0,0.0,0,0,0,0,0,2023-02-15 09:41:56
"1002446",IT,iOS,organic,0,0.0,0,0,0,0,0,2023-02-15 09:46:10
"1002447",BY,iOS,organic,0,0.0,0,0,0,0,0,2023-02-15 09:59:45
"1002448",US,iOS,organic,0,0.0,0,0,0,0,0,2023-02-15 10:05:26
"1002452",US,iOS,paid,0,0.0,1,50,0,0,0,2023-02-15 10:39:36
"1002453",KZ,android,paid,0,0.0,0,0,0,0,0,2023-02-15 10:48:49
"1002456",RU,iOS,organic,0,0.0,12,4050,0,0,0,2023-02-15 11:17:18
"1002457",KZ,android,organic,0,0.0,4,950,0,0,0,2023-02-15 11:30:53
"1002459",RU,android,organic,0,0.0,0,0,0,0,0,2023-02-15 11:49:19
"1002460",RU,iOS,organic,0,0.0,3,750,0,0,0,2023-02-15 12:02:54
"1002461",US,iOS,organic,1,399.0,3,950,0,0,0,2023-02-15 12:12:07
"1002462",US,iOS,organic,0,0.0,2,650,0,0,0,2023-02-15 12:25:42
"1002464",GE,iOS,organic,0,0.0,0,0,0,0,0,2023-02-15 12:41:39
"1002465",RU,iOS,organic,0,0.0,4,850,0,0,0,2023-02-15 12:55:14
"1002466",DE,iOS,organic,0,0.0,0,0,0,0,0,2023-02-15 12:57:36
"1002469",CA,android,paid,0,0.0,0,0,0,0,0,2023-02-15 13:17:47
"1002474",RU,android,organic,0,0.0,4,850,0,0,0,2023-02-15 14:11:59
"1002476",DE,android,organic,0,0.0,0,0,0,0,0,2023-02-15 14:30:25
"1002478",RU,android,organic,0,0.0,0,0,0,0,0,2023-02-15 14:42:00
"1002479",CA,iOS,organic,0,0.0,0,0,0,0,0,2023-02-15 14:46:14
"1002486",US,android,organic,0,0.0,2,650,0,0,0,2023-02-15 15:41:25
"1002489",ES,android,organic,0,0.0,0,0,0,0,0,2023-02-15 16:09:04
"1002490",PL,android,organic,0,0.0,0,0,0,0,0,2023-02-15 16:13:18
"1002491",RU,android,paid,0,0.0,0,0,0,0,0,2023-02-15 16:26:53
"1002492",PL,android,paid,0,0.0,0,0,0,0,0,2023-02-15 16:40:28
"1002495",GE,android,organic,0,0.0,0,0,0,0,0,2023-02-15 17:13:19
"1002497",BY,android,organic,0,0.0,2,650,0,0,0,2023-02-15 17:26:46
"1002498",RU,android,organic,0,0.0,6,1150,0,0,0,2023-02-15 17:31:00
"1002499",GE,iOS,organic,0,0.0,0,0,0,0,0,2023-02-15 17:33:22
